modbusRTU;Inverter;SofarSolar;HYDG3;1;;;;;;
1;3;1156;U16;;Frequency_Grid;;0.010000;0.000000;Hz;4
2;3;1157;I16;;ActivePower_Output_Total;RealPower;0.010000;0.000000;kW;4
3;3;1158;I16;;ReactivePower_Output_Total;;0.010000;0.000000;kW;4
4;3;1159;I16;;ApparentPower_Output_Total;;0.010000;0.000000;kW;4
5;3;1160;I16;;ActivePower_PCC_Total;;0.010000;0.000000;kW;4
6;3;1161;I16;;ReactivePower_PCC_Total;;0.010000;0.000000;kW;4
7;3;1162;I16;;ApparentPower_PCC_Total;;0.010000;0.000000;kW;4
8;3;1163;U16;;Voltage_Phase_R;;0.100000;0.000000;V;4
9;3;1164;U16;;Current_Output_R;;0.010000;0.000000;A;4
10;3;1165;I16;;ActivePower_Output_R;;0.010000;0.000000;kW;4
11;3;1166;U16;;Current_PCC_R;;0.010000;0.000000;A;4
12;3;1167;I16;;ActivePower_PCC_R;;0.010000;0.000000;kW;4
13;3;1168;I16;;ReactivePower_PCC_R;;0.010000;0.000000;kW;4
14;3;1169;I16;;PowerFactor_PCC_R;;0.010000;0.000000;p.u;4
15;3;1170;U16;;Voltage_Phase_S;;0.100000;0.000000;V;4
16;3;1171;U16;;Current_Output_S;;0.010000;0.000000;A;4
17;3;1172;I16;;ActivePower_Output_S;;0.010000;0.000000;kW;4
18;3;1173;I16;;ReactivePower_Output_S;;0.010000;0.000000;kW;4
19;3;1174;U16;;Voltage_Phase_T;;0.100000;0.000000;V;4
20;3;1175;U16;;Current_Output_T;;0.010000;0.000000;A;4
21;3;1176;U16;;Current_PCC_T;;0.010000;0.000000;A;4
22;3;1177;I16;;PowerFactor_PCC_T;;0.001000;0.000000;p.u;4
23;3;1178;U16;;ActivePower_PV_Ext;;0.010000;0.000000;kW;4
24;3;1179;U16;;ActivePower_Load_Sys;;0.010000;0.000000;kW;4
25;3;1412;U16;;Voltage_PV1;;0.100000;0.000000;V;4
26;3;1413;U16;;Current_PV1;;0.010000;0.000000;A;4
27;3;1414;U16;;Power_PV1;;0.010000;0.000000;kW;4
28;3;1415;U16;;Voltage_PV2;;0.100000;0.000000;V;4
29;3;1416;U16;;Current_PV2;;0.010000;0.000000;A;4
30;3;1417;U16;;Power_PV2;;0.010000;0.000000;kW;4
31;3;1418;U16;;Voltage_PV3;;0.100000;0.000000;V;4
32;3;1419;U16;;Current_PV3;;0.010000;0.000000;A;4
33;3;1420;U16;;Power_PV3;;0.010000;0.000000;kW;4
34;3;1421;U16;;Voltage_PV4;;0.100000;0.000000;V;4
35;3;1422;U16;;Current_PV4;;0.010000;0.000000;A;4
36;3;1423;U16;;Power_PV4;;0.010000;0.000000;kW;4
37;3;1424;U16;;Voltage_PV5;;0.100000;0.000000;V;4
38;3;1425;U16;;Current_PV5;;0.010000;0.000000;A;4
39;3;1426;U16;;Power_PV5;;0.010000;0.000000;kW;4
40;3;1427;U16;;Voltage_PV6;;0.100000;0.000000;V;4
41;3;1428;U16;;Current_PV6;;0.010000;0.000000;A;4
42;3;1429;U16;;Power_PV6;;0.010000;0.000000;kW;4
43;3;1430;U16;;Voltage_PV7;;0.100000;0.000000;V;4
44;3;1431;U16;;Current_PV7;;0.010000;0.000000;A;4
45;3;1432;U16;;Power_PV7;;0.010000;0.000000;kW;4
46;3;1433;U16;;Voltage_PV8;;0.100000;0.000000;V;4
47;3;1434;U16;;Current_PV8;;0.010000;0.000000;A;4
48;3;1435;U16;;Power_PV8;;0.010000;0.000000;kW;4
49;3;1436;U16;;Voltage_PV9;;0.100000;0.000000;V;4
50;3;1437;U16;;Current_PV9;;0.010000;0.000000;A;4
51;3;1438;U16;;Power_PV9;;0.010000;0.000000;kW;4
52;3;1439;U16;;Voltage_PV10;;0.100000;0.000000;V;4
53;3;1440;U16;;Current_PV10;;0.010000;0.000000;A;4
54;3;1441;U16;;Power_PV10;;0.010000;0.000000;kW;4
55;3;1442;U16;;Voltage_PV11;;0.100000;0.000000;V;4
56;3;1443;U16;;Current_PV11;;0.010000;0.000000;A;4
57;3;1444;U16;;Power_PV11;;0.010000;0.000000;kW;4
58;3;1445;U16;;Voltage_PV12;;0.100000;0.000000;V;4
59;3;1446;U16;;Current_PV12;;0.010000;0.000000;A;4
60;3;1447;U16;;Power_PV12;;0.010000;0.000000;kW;4
61;3;1448;U16;;Voltage_PV13;;0.100000;0.000000;V;4
62;3;1449;U16;;Current_PV13;;0.010000;0.000000;A;4
63;3;1450;U16;;Power_PV13;;0.010000;0.000000;kW;4
64;3;1451;U16;;Voltage_PV14;;0.100000;0.000000;V;4
65;3;1452;U16;;Current_PV14;;0.010000;0.000000;A;4
66;3;1453;U16;;Power_PV14;;0.010000;0.000000;kW;4
67;3;1454;U16;;Voltage_PV15;;0.100000;0.000000;V;4
68;3;1455;U16;;Current_PV15;;0.010000;0.000000;A;4
69;3;1456;U16;;Power_PV15;;0.010000;0.000000;kW;4
70;3;1457;U16;;Voltage_PV16;;0.100000;0.000000;V;4
71;3;1458;U16;;Current_PV16;;0.010000;0.000000;A;4
72;3;1459;U16;;Power_PV16;;0.010000;0.000000;kW;4
73;3;1668;U32;;PV_Generation_Today;EnergyDay;0,01;0;kWH;4
74;3;1670;U32;;PV_Generation_Total;EnergyTotal;0,1;0;kWh;4
75;3;1476;U16;;Power_PV_Total;;0.100000;0.000000;kW;4
76;3;4272;U16;;PID Auto running enable;;1.000.000;0.000000;;4
77;3;4273;U16;;PID Working Start Time;;1.000.000;0.000000;Minute;4
78;3;4274;U16;;PID_Working_Hours;;1.000.000;0.000000;Minute;4
79;3;4275;U16;;PID_Working_PV_Threshold;;0.100000;0.000000;V;4
80;3;4276;U16;;PID_Break_Restart_Delay;;1.000.000;0.000000;Minute;4
81;3;1796;U16;;Voltage_Group1;;0.100000;0.000000;V;4
82;3;1797;U16;;Current_Group1_Branch1;;0.010000;0.000000;A;4
83;3;1798;U16;;Current_Group1_Branch2;;0.010000;0.000000;A;4
84;3;1799;U16;;Voltage_Group2;;0.100000;0.000000;V;4
85;3;1800;U16;;Current_Group2_Branch1;;0.010000;0.000000;A;4
86;3;1801;U16;;Current_Group2_Branch2;;0.010000;0.000000;A;4
87;3;1802;U16;;Voltage_Group3;;0.100000;0.000000;V;4
88;3;1803;U16;;Current_Group3_Branch1;;0.010000;0.000000;A;4
89;3;1804;U16;;Current_Group3_Branch2;;0.010000;0.000000;A;4
90;3;1805;U16;;Voltage_Group4;;0.100000;0.000000;V;4
91;3;1806;U16;;Current_Group4_Branch1;;0.010000;0.000000;A;4
92;3;1807;U16;;Current_Group4_Branch2;;0.010000;0.000000;A;4
93;3;1808;U16;;Voltage_Group5;;0.100000;0.000000;V;4
94;3;1809;U16;;Current_Group5_Branch1;;0.010000;0.000000;A;4
95;3;1810;U16;;Current_Group5_Branch2;;0.010000;0.000000;A;4
96;3;1811;U16;;Voltage_Group6;;0.100000;0.000000;V;4
97;3;1812;U16;;Current_Group6_Branch1;;0.010000;0.000000;A;4
98;3;1813;U16;;Current_Group6_Branch2;;0.010000;0.000000;A;4
99;3;1814;U16;;Voltage_Group7;;0.100000;0.000000;V;4
100;3;1815;U16;;Current_Group7_Branch1;;0.010000;0.000000;A;4
101;3;1816;U16;;Current_Group7_Branch2;;0.010000;0.000000;A;4
102;3;1817;U16;;Voltage_Group8;;0.100000;0.000000;V;4
103;3;1818;U16;;Current_Group8_Branch1;;0.010000;0.000000;A;4
104;3;1819;U16;;Current_Group8_Branch2;;0.010000;0.000000;A;4
105;3;1820;U16;;Voltage_Group9;;0.100000;0.000000;V;4
106;3;1821;U16;;Current_Group9_Branch1;;0.010000;0.000000;A;4
107;3;1822;U16;;Current_Group9_Branch2;;0.010000;0.000000;A;4
108;3;1823;U16;;Voltage_Group10;;0.100000;0.000000;V;4
109;3;1824;U16;;Current_Group10_Branch1;;0.010000;0.000000;A;4
110;3;1825;U16;;Current_Group10_Branch2;;0.010000;0.000000;A;4
111;3;1826;U16;;Voltage_Group11;;0.100000;0.000000;V;4
112;3;1827;U16;;Current_Group11_Branch1;;0.010000;0.000000;A;4
113;3;1828;U16;;Current_Group11_Branch2;;0.010000;0.000000;A;4
114;3;1829;U16;;Voltage_Group12;;0.100000;0.000000;V;4
115;3;1830;U16;;Current_Group12_Branch1;;0.010000;0.000000;A;4
116;3;1831;U16;;Current_Group12_Branch2;;0.010000;0.000000;A;4
117;3;1832;U16;;Voltage_Group13;;0.100000;0.000000;V;4
118;3;1833;U16;;Current_Group13_Branch1;;0.010000;0.000000;A;4
119;3;1834;U16;;Current_Group13_Branch2;;0.010000;0.000000;A;4
120;3;1835;U16;;Voltage_Group14;;0.100000;0.000000;V;4
121;3;1836;U16;;Current_Group14_Branch1;;0.010000;0.000000;A;4
122;3;1837;U16;;Current_Group14_Branch2;;0.010000;0.000000;A;4
123;3;1838;U16;;Voltage_Group15;;0.100000;0.000000;V;4
124;3;1839;U16;;Current_Group15_Branch1;;0.010000;0.000000;A;4
125;3;1840;U16;;Current_Group15_Branch2;;0.010000;0.000000;A;4
126;3;1841;U16;;Voltage_Group16;;0.100000;0.000000;V;4
127;3;1842;U16;;Current_Group16_Branch1;;0.010000;0.000000;A;4
128;3;1843;U16;;Current_Group16_Branch2;;0.010000;0.000000;A;4
129;3;2305;U16;;ActiveOutputLimit;cmdPwrPercent;0.100000;0.000000;%;4
130;3;4357;U16;;PowerControl;;0.100000;0.000000;%;4
131;3;4358;U16;;Active_Power_Export_Limit;;0.100000;0.000000;%;4
