modbusTCP;inverter;SMA;STP 110-60;;;;;;;0
1;3;40003;I16;;1_tableId;;1;0;;0
2;3;40004;I16;;1_tableSize;;1;0;;0
3;3;40005;U16;;1_Mn;;1;0;;0
4;3;40021;STRING;;1_Md;DisplayModel;1;0;;4
5;3;40037;STRING;;1_Opt;;1;0;;0
6;3;40045;STRING;;1_Vr;;1;0;;0
7;3;40053;STRING;;1_SN;DisplaySerialNumber;1;0;;4
8;3;40069;U16;;1_DA;;1;0;;0
10;3;40071;U16;;tableId;;1;0;;0
11;3;40072;U16;;tableSize;;1;0;;0
12;3;40073;U16;A_SF;Amps;;1;0;A;0
13;3;40074;U16;A_SF;Phase 1 Amps;;1;0;A;0
14;3;40075;U16;A_SF;Phase 2 Amps;;1;0;A;0
15;3;40076;U16;A_SF;Phase 3 Amps;;1;0;A;0
16;3;40077;I16;;A_SF;;1;0;;0
17;3;40078;U16;V_SF;Phase voltage AB;;1;0;V;0
18;3;40079;U16;V_SF;Phase voltage BC;;1;0;V;0
19;3;40080;U16;V_SF;Phase voltage CA;;1;0;V;0
20;3;40081;U16;V_SF;V Line 1-N;;1;0;V;0
21;3;40082;U16;V_SF;V Line 2-N;;1;0;V;0
22;3;40083;U16;V_SF;V Line 3-N;;1;0;V;0
23;3;40084;I16;;V_SF;;1;0;;0
24;3;40085;I16;W_SF;W;;1;0;W;4
25;3;40086;I16;;W_SF;;1;0;;4
26;3;40087;U16;Hz_SF;Hz;;1;0;Hz;4
27;3;40088;I16;;Hz_SF;;1;0;;4
28;3;40089;I16;VA_SF;VA;;1;0;VA;4
29;3;40090;I16;;VA_SF;;1;0;;4
30;3;40091;I16;VAr_SF;VAr;;1;0;var;4
31;3;40092;I16;;VAr_SF;;1;0;;4
32;3;40093;I16;PF_SF;PF;;1;0;Pct;4
33;3;40094;I16;;PF_SF;;1;0;;4
34;3;40095;U32;WH_SF;WH;;1;0;Wh;4
35;3;40097;I16;;WH_SF;;1;0;;4
36;3;40098;U16;DCA_SF;DCA;;1;0;A;4
37;3;40099;I16;;DCA_SF;;1;0;;4
38;3;40100;U16;DCV_SF;DCV;;1;0;V;4
39;3;40101;I16;;DCV_SF;;1;0;;4
40;3;40102;I16;DCW_SF;DCW;;1;0;W;4
41;3;40103;I16;;DCW_SF;;1;0;;4
42;3;40104;I16;Tmp_SF;TmpCab;;1;0;C;4
43;3;40105;I16;Tmp_SF;TmpSnk;;1;0;C;0
44;3;40106;I16;Tmp_SF;TmpTrns;;1;0;C;0
45;3;40107;I16;Tmp_SF;TmpOt;;1;0;C;0
46;3;40108;I16;;Tmp_SF;;1;0;;4
47;3;40109;U16;;St;;1;0;;0
48;3;40110;U16;;StVnd;;1;0;;0
49;3;40111;U32;;Evt1;;1;0;;8
50;3;40113;U32;;Evt2;;1;0;;0
51;3;40115;U32;;EvtVnd1;;1;0;;0
52;3;40117;U32;;EvtVnd2;;1;0;;0
53;3;40119;U32;;EvtVnd3;;1;0;;0
54;3;40121;U32;;EvtVnd4;;1;0;;0
55;3;40123;I16;;120_tableId;;1;0;;0
56;3;40124;I16;;120_tableSize;;1;0;;0
57;3;40125;U16;;120_DERTyp;;1;0;;0
58;3;40126;U16;120_WRtg_SF;120_WRtg;;1;0;W;0
59;3;40127;I16;;120_WRtg_SF;;1;0;;0
60;3;40128;U16;120_VARtg_SF;120_VARtg;;1;0;VA;0
61;3;40129;I16;;120_VARtg_SF;;1;0;;0
62;3;40130;I16;120_VArRtg_SF;120_VArRtgQ1;;1;0;var;0
63;3;40131;I16;120_VArRtg_SF;120_VArRtgQ2;;1;0;var;0
64;3;40132;I16;120_VArRtg_SF;120_VArRtgQ3;;1;0;var;0
65;3;40133;I16;120_VArRtg_SF;120_VArRtgQ4;;1;0;var;0
66;3;40134;I16;;120_VArRtg_SF;;1;0;;0
67;3;40135;U16;120_ARtg_SF;120_ARtg;;1;0;A;0
68;3;40136;I16;;120_ARtg_SF;;1;0;;0
69;3;40137;I16;120_PFRtg_SF;120_PFRtgQ1;;1;0;cos();0
70;3;40138;I16;120_PFRtg_SF;120_PFRtgQ2;;1;0;cos();0
71;3;40139;I16;120_PFRtg_SF;120_PFRtgQ3;;1;0;cos();0
72;3;40140;I16;120_PFRtg_SF;120_PFRtgQ4;;1;0;cos();0
73;3;40141;I16;;120_PFRtg_SF;;1;0;;0
74;3;40142;U16;120_WHRtg_SF;120_WHRtg;;1;0;Wh;0
75;3;40143;I16;;120_WHRtg_SF;;1;0;;0
76;3;40144;U16;120_AhrRtg_SF;120_AhrRtg;;1;0;AH;0
77;3;40145;I16;;120_AhrRtg_SF;;1;0;;0
78;3;40146;U16;120_MaxChaRte_SF;120_MaxChaRte;;1;0;W;0
79;3;40147;I16;;120_MaxChaRte_SF;;1;0;;0
80;3;40148;U16;120_MaxDisChaRte_SF;120_MaxDisChaRte;;1;0;W;0
81;3;40149;I16;;120_MaxDisChaRte_SF;;1;0;;0
83;3;40151;I16;;121_tableId;;1;0;;0
84;3;40152;I16;;121_tableSize;;1;0;;0
85;3;40153;U16;121_WMax_SF;121_WMax;;1;0;W;0
86;3;40154;U16;121_VRef_SF;121_VRef;;1;0;V;0
87;3;40155;I16;121_VRefOfs_SF;121_VRefOfs;;1;0;V;0
88;3;40156;U16;121_VMinMax_SF;121_VMax;;1;0;V;0
89;3;40157;U16;121_VMinMax_SF;121_VMin;;1;0;V;0
90;3;40158;U16;121_VAMax_SF;121_VAMax;;1;0;VA;0
91;3;40159;I16;121_VArMax_SF;121_VArMaxQ1;;1;0;var;0
92;3;40160;I16;121_VArMax_SF;121_VArMaxQ2;;1;0;var;0
93;3;40161;I16;121_VArMax_SF;121_VArMaxQ3;;1;0;var;0
94;3;40162;I16;121_VArMax_SF;121_VArMaxQ4;;1;0;var;0
95;3;40163;U16;121_WGra_SF;121_WGra;;1;0;% WMax/sec;0
96;3;40164;I16;121_PFMin_SF;121_PFMinQ1;;1;0;cos();0
97;3;40165;I16;121_PFMin_SF;121_PFMinQ2;;1;0;cos();0
98;3;40166;I16;121_PFMin_SF;121_PFMinQ3;;1;0;cos();0
99;3;40167;I16;121_PFMin_SF;121_PFMinQ4;;1;0;cos();0
100;3;40168;U16;;121_VArAct;;1;0;;0
101;3;40169;U16;;121_ClcTotVA;;1;0;;0
102;3;40170;U16;121_MaxRmpRte_SF;121_MaxRmpRte;;1;0;% WGra;0
103;3;40171;U16;121_ECPNomHz_SF;121_ECPNomHz;;1;0;Hz;0
104;3;40172;U16;;121_ConnPh;;1;0;;0
105;3;40173;I16;;121_WMax_SF;;1;0;;0
106;3;40174;I16;;121_VRef_SF;;1;0;;0
107;3;40175;I16;;121_VRefOfs_SF;;1;0;;0
108;3;40176;I16;;121_VMinMax_SF;;1;0;;0
109;3;40177;I16;;121_VAMax_SF;;1;0;;0
110;3;40178;I16;;121_VArMax_SF;;1;0;;0
111;3;40179;I16;;121_WGra_SF;;1;0;;0
112;3;40180;I16;;121_PFMin_SF;;1;0;;0
113;3;40181;I16;;121_MaxRmpRte_SF;;1;0;;0
114;3;40182;I16;;121_ECPNomHz_SF;;1;0;;0
115;3;40183;I16;;122_tableId;;1;0;;0
116;3;40184;I16;;122_tableSize;;1;0;;0
117;3;40185;U16;;122_PVConn;;1;0;;0
118;3;40186;U16;;122_StorConn;;1;0;;0
119;3;40187;U16;;122_ECPConn;;1;0;;0
120;3;40188;U64;;122_ActWh;;1;0;Wh;0
121;3;40192;U64;;122_ActVAh;;1;0;VAh;0
122;3;40196;U64;;122_ActVArhQ1;;1;0;varh;0
123;3;40200;U64;;122_ActVArhQ2;;1;0;varh;0
124;3;40204;U64;;122_ActVArhQ3;;1;0;varh;0
125;3;40208;U64;;122_ActVArhQ4;;1;0;varh;0
126;3;40212;I16;122_VArAval_SF;122_VArAval;;1;0;var;0
127;3;40213;I16;;122_VArAval_SF;;1;0;;0
128;3;40214;U16;122_WAval_SF;122_WAval;;1;0;var;0
129;3;40215;I16;;122_WAval_SF;;1;0;;0
130;3;40216;U32;;122_StSetLimMsk;;1;0;;0
131;3;40218;U32;;122_StActCtl;;1;0;;0
132;3;40220;STRING;;122_TmSrc;;1;0;;0
133;3;40224;U32;;122_Tms;;1;0;Secs;0
134;3;40226;U16;;122_RtSt;;1;0;;0
135;3;40227;U16;122_Ris_SF;122_Ris;;1;0;ohms;0
136;3;40228;I16;;122_Ris_SF;;1;0;;0
137;3;40229;I16;;123_tableId;;1;0;;0
138;3;40230;I16;;123_tableSize;;1;0;;0
139;3;40231;U16;;123_Conn_WinTms;;1;0;Secs;0
140;3;40232;U16;;123_Conn_RvrtTms;;1;0;Secs;0
141;3;40233;U16;;123_Conn;;1;0;;0
142;3;40234;U16;123_WMaxLimPct_SF;WMaxLimPct;cmdPwrPercent;1;0;% WMax;4
143;3;40235;U16;;123_WMaxLimPct_WinTms;;1;0;Secs;0
144;3;40236;U16;;123_WMaxLimPct_RvrtTms;;1;0;Secs;0
145;3;40237;U16;;123_WMaxLimPct_RmpTms;WMaxLimPct_RmpTms;1;0;Secs;4
146;3;40238;U16;;123_WMaxLim_Ena;WMaxLim_Ena;1;0;;4
147;3;40239;I16;123_OutPFSet_SF;123_OutPFSet;;1;0;cos();0
148;3;40240;U16;;123_OutPFSet_WinTms;;1;0;Secs;0
149;3;40241;U16;;123_OutPFSet_RvrtTms;;1;0;Secs;0
150;3;40242;U16;;123_OutPFSet_RmpTms;;1;0;Secs;0
151;3;40243;U16;;123_OutPFSet_Ena;;1;0;;0
152;3;40244;I16;123_VArPct_SF;123_VArWMaxPct;;1;0;% WMax;0
153;3;40245;I16;123_VArPct_SF;123_VArMaxPct;;1;0;% VArMax;0
154;3;40246;I16;123_VArPct_SF;123_VArAvalPct;;1;0;% VArAval;0
155;3;40247;U16;;123_VArPct_WinTms;;1;0;Secs;0
156;3;40248;U16;;123_VArPct_RvrtTms;;1;0;Secs;0
157;3;40249;U16;;123_VArPct_RmpTms;;1;0;Secs;0
158;3;40250;U16;;123_VArPct_Mod;VArPct_Mod;1;0;;4
159;3;40251;U16;;123_VArPct_Ena;;1;0;;0
160;3;40252;I16;;123_WMaxLimPct_SF;;1;0;;4
161;3;40253;I16;;123_OutPFSet_SF;;1;0;;0
162;3;40254;I16;;123_VArPct_SF;;1;0;;0
163;3;40255;I16;;126_tableId;;1;0;;0
164;3;40256;I16;;126_tableSize;;1;0;;0
165;3;40257;U16;;126_ActCrv;;1;0;;0
166;3;40258;U16;;126_ModEna;;1;0;;0
167;3;40259;U16;;126_WinTms;;1;0;Secs;0
168;3;40260;U16;;126_RvrtTms;;1;0;Secs;0
169;3;40261;U16;;126_RmpTms;;1;0;Secs;0
170;3;40262;U16;;126_NCrv;;1;0;;0
171;3;40263;U16;;126_NPt;;1;0;;0
172;3;40264;I16;;126_V_SF;;1;0;;0
173;3;40265;I16;;126_DeptRef_SF;;1;0;;0
174;3;40266;I16;;126_RmpIncDec_SF;;1;0;;0
175;3;40267;U16;;126_0_ActPt;;1;0;;0
176;3;40268;U16;;126_0_DeptRef;;1;0;;0
177;3;40269;U16;126_V_SF;126_0_V1;;1;0;% VRef;0
178;3;40270;I16;126_DeptRef_SF;126_0_VAr1;;1;0;;0
179;3;40271;U16;126_V_SF;126_0_V2;;1;0;% VRef;0
180;3;40272;I16;126_DeptRef_SF;126_0_VAr2;;1;0;;0
181;3;40273;U16;126_V_SF;126_0_V3;;1;0;% VRef;0
182;3;40274;I16;126_DeptRef_SF;126_0_VAr3;;1;0;;0
183;3;40275;U16;126_V_SF;126_0_V4;;1;0;% VRef;0
184;3;40276;I16;126_DeptRef_SF;126_0_VAr4;;1;0;;0
185;3;40277;U16;126_V_SF;126_0_V5;;1;0;% VRef;0
186;3;40278;I16;126_DeptRef_SF;126_0_VAr5;;1;0;;0
187;3;40279;U16;126_V_SF;126_0_V6;;1;0;% VRef;0
188;3;40280;I16;126_DeptRef_SF;126_0_VAr6;;1;0;;0
189;3;40281;U16;126_V_SF;126_0_V7;;1;0;% VRef;0
190;3;40282;I16;126_DeptRef_SF;126_0_VAr7;;1;0;;0
191;3;40283;U16;126_V_SF;126_0_V8;;1;0;% VRef;0
192;3;40284;I16;126_DeptRef_SF;126_0_VAr8;;1;0;;0
193;3;40285;U16;126_V_SF;126_0_V9;;1;0;% VRef;0
194;3;40286;I16;126_DeptRef_SF;126_0_VAr9;;1;0;;0
195;3;40287;U16;126_V_SF;126_0_V10;;1;0;% VRef;0
196;3;40288;I16;126_DeptRef_SF;126_0_VAr10;;1;0;;0
197;3;40289;U16;126_V_SF;126_0_V11;;1;0;% VRef;0
198;3;40290;I16;126_DeptRef_SF;126_0_VAr11;;1;0;;0
199;3;40291;U16;126_V_SF;126_0_V12;;1;0;% VRef;0
200;3;40292;I16;126_DeptRef_SF;126_0_VAr12;;1;0;;0
201;3;40293;U16;126_V_SF;126_0_V13;;1;0;% VRef;0
202;3;40294;I16;126_DeptRef_SF;126_0_VAr13;;1;0;;0
203;3;40295;U16;126_V_SF;126_0_V14;;1;0;% VRef;0
204;3;40296;I16;126_DeptRef_SF;126_0_VAr14;;1;0;;0
205;3;40297;U16;126_V_SF;126_0_V15;;1;0;% VRef;0
206;3;40298;I16;126_DeptRef_SF;126_0_VAr15;;1;0;;0
207;3;40299;U16;126_V_SF;126_0_V16;;1;0;% VRef;0
208;3;40300;I16;126_DeptRef_SF;126_0_VAr16;;1;0;;0
209;3;40301;U16;126_V_SF;126_0_V17;;1;0;% VRef;0
210;3;40302;I16;126_DeptRef_SF;126_0_VAr17;;1;0;;0
211;3;40303;U16;126_V_SF;126_0_V18;;1;0;% VRef;0
212;3;40304;I16;126_DeptRef_SF;126_0_VAr18;;1;0;;0
213;3;40305;U16;126_V_SF;126_0_V19;;1;0;% VRef;0
214;3;40306;I16;126_DeptRef_SF;126_0_VAr19;;1;0;;0
215;3;40307;U16;126_V_SF;126_0_V20;;1;0;% VRef;0
216;3;40308;I16;126_DeptRef_SF;126_0_VAr20;;1;0;;0
217;3;40309;STRING;;126_0_CrvNam;;1;0;;0
218;3;40317;U16;;126_0_RmpTms;;1;0;Secs;0
219;3;40318;U16;126_RmpIncDec_SF;126_0_RmpDecTmm;;1;0;% ref_value/min;0
220;3;40319;U16;126_RmpIncDec_SF;126_0_RmpIncTmm;;1;0;% ref_value/min;0
221;3;40320;U16;;126_0_ReadOnly;;1;0;;0
222;3;40321;U16;;126_1_ActPt;;1;0;;0
223;3;40322;U16;;126_1_DeptRef;;1;0;;0
224;3;40323;U16;126_V_SF;126_1_V1;;1;0;% VRef;0
225;3;40324;I16;126_DeptRef_SF;126_1_VAr1;;1;0;;0
226;3;40325;U16;126_V_SF;126_1_V2;;1;0;% VRef;0
227;3;40326;I16;126_DeptRef_SF;126_1_VAr2;;1;0;;0
228;3;40327;U16;126_V_SF;126_1_V3;;1;0;% VRef;0
229;3;40328;I16;126_DeptRef_SF;126_1_VAr3;;1;0;;0
230;3;40329;U16;126_V_SF;126_1_V4;;1;0;% VRef;0
231;3;40330;I16;126_DeptRef_SF;126_1_VAr4;;1;0;;0
232;3;40331;U16;126_V_SF;126_1_V5;;1;0;% VRef;0
233;3;40332;I16;126_DeptRef_SF;126_1_VAr5;;1;0;;0
234;3;40333;U16;126_V_SF;126_1_V6;;1;0;% VRef;0
235;3;40334;I16;126_DeptRef_SF;126_1_VAr6;;1;0;;0
236;3;40335;U16;126_V_SF;126_1_V7;;1;0;% VRef;0
237;3;40336;I16;126_DeptRef_SF;126_1_VAr7;;1;0;;0
238;3;40337;U16;126_V_SF;126_1_V8;;1;0;% VRef;0
239;3;40338;I16;126_DeptRef_SF;126_1_VAr8;;1;0;;0
240;3;40339;U16;126_V_SF;126_1_V9;;1;0;% VRef;0
241;3;40340;I16;126_DeptRef_SF;126_1_VAr9;;1;0;;0
242;3;40341;U16;126_V_SF;126_1_V10;;1;0;% VRef;0
243;3;40342;I16;126_DeptRef_SF;126_1_VAr10;;1;0;;0
244;3;40343;U16;126_V_SF;126_1_V11;;1;0;% VRef;0
245;3;40344;I16;126_DeptRef_SF;126_1_VAr11;;1;0;;0
246;3;40345;U16;126_V_SF;126_1_V12;;1;0;% VRef;0
247;3;40346;I16;126_DeptRef_SF;126_1_VAr12;;1;0;;0
248;3;40347;U16;126_V_SF;126_1_V13;;1;0;% VRef;0
249;3;40348;I16;126_DeptRef_SF;126_1_VAr13;;1;0;;0
250;3;40349;U16;126_V_SF;126_1_V14;;1;0;% VRef;0
251;3;40350;I16;126_DeptRef_SF;126_1_VAr14;;1;0;;0
252;3;40351;U16;126_V_SF;126_1_V15;;1;0;% VRef;0
253;3;40352;I16;126_DeptRef_SF;126_1_VAr15;;1;0;;0
254;3;40353;U16;126_V_SF;126_1_V16;;1;0;% VRef;0
255;3;40354;I16;126_DeptRef_SF;126_1_VAr16;;1;0;;0
256;3;40355;U16;126_V_SF;126_1_V17;;1;0;% VRef;0
257;3;40356;I16;126_DeptRef_SF;126_1_VAr17;;1;0;;0
258;3;40357;U16;126_V_SF;126_1_V18;;1;0;% VRef;0
259;3;40358;I16;126_DeptRef_SF;126_1_VAr18;;1;0;;0
260;3;40359;U16;126_V_SF;126_1_V19;;1;0;% VRef;0
261;3;40360;I16;126_DeptRef_SF;126_1_VAr19;;1;0;;0
262;3;40361;U16;126_V_SF;126_1_V20;;1;0;% VRef;0
263;3;40362;I16;126_DeptRef_SF;126_1_VAr20;;1;0;;0
264;3;40363;STRING;;126_1_CrvNam;;1;0;;0
265;3;40371;U16;;126_1_RmpTms;;1;0;Secs;0
266;3;40372;U16;126_RmpIncDec_SF;126_1_RmpDecTmm;;1;0;% ref_value/min;0
267;3;40373;U16;126_RmpIncDec_SF;126_1_RmpIncTmm;;1;0;% ref_value/min;0
268;3;40374;U16;;126_1_ReadOnly;;1;0;;0
269;3;40375;U16;;126_2_ActPt;;1;0;;0
270;3;40376;U16;;126_2_DeptRef;;1;0;;0
271;3;40377;U16;126_V_SF;126_2_V1;;1;0;% VRef;0
272;3;40378;I16;126_DeptRef_SF;126_2_VAr1;;1;0;;0
273;3;40379;U16;126_V_SF;126_2_V2;;1;0;% VRef;0
274;3;40380;I16;126_DeptRef_SF;126_2_VAr2;;1;0;;0
275;3;40381;U16;126_V_SF;126_2_V3;;1;0;% VRef;0
276;3;40382;I16;126_DeptRef_SF;126_2_VAr3;;1;0;;0
277;3;40383;U16;126_V_SF;126_2_V4;;1;0;% VRef;0
278;3;40384;I16;126_DeptRef_SF;126_2_VAr4;;1;0;;0
279;3;40385;U16;126_V_SF;126_2_V5;;1;0;% VRef;0
280;3;40386;I16;126_DeptRef_SF;126_2_VAr5;;1;0;;0
281;3;40387;U16;126_V_SF;126_2_V6;;1;0;% VRef;0
282;3;40388;I16;126_DeptRef_SF;126_2_VAr6;;1;0;;0
283;3;40389;U16;126_V_SF;126_2_V7;;1;0;% VRef;0
284;3;40390;I16;126_DeptRef_SF;126_2_VAr7;;1;0;;0
285;3;40391;U16;126_V_SF;126_2_V8;;1;0;% VRef;0
286;3;40392;I16;126_DeptRef_SF;126_2_VAr8;;1;0;;0
287;3;40393;U16;126_V_SF;126_2_V9;;1;0;% VRef;0
288;3;40394;I16;126_DeptRef_SF;126_2_VAr9;;1;0;;0
289;3;40395;U16;126_V_SF;126_2_V10;;1;0;% VRef;0
290;3;40396;I16;126_DeptRef_SF;126_2_VAr10;;1;0;;0
291;3;40397;U16;126_V_SF;126_2_V11;;1;0;% VRef;0
292;3;40398;I16;126_DeptRef_SF;126_2_VAr11;;1;0;;0
293;3;40399;U16;126_V_SF;126_2_V12;;1;0;% VRef;0
294;3;40400;I16;126_DeptRef_SF;126_2_VAr12;;1;0;;0
295;3;40401;U16;126_V_SF;126_2_V13;;1;0;% VRef;0
296;3;40402;I16;126_DeptRef_SF;126_2_VAr13;;1;0;;0
297;3;40403;U16;126_V_SF;126_2_V14;;1;0;% VRef;0
298;3;40404;I16;126_DeptRef_SF;126_2_VAr14;;1;0;;0
299;3;40405;U16;126_V_SF;126_2_V15;;1;0;% VRef;0
300;3;40406;I16;126_DeptRef_SF;126_2_VAr15;;1;0;;0
301;3;40407;U16;126_V_SF;126_2_V16;;1;0;% VRef;0
302;3;40408;I16;126_DeptRef_SF;126_2_VAr16;;1;0;;0
303;3;40409;U16;126_V_SF;126_2_V17;;1;0;% VRef;0
304;3;40410;I16;126_DeptRef_SF;126_2_VAr17;;1;0;;0
305;3;40411;U16;126_V_SF;126_2_V18;;1;0;% VRef;0
306;3;40412;I16;126_DeptRef_SF;126_2_VAr18;;1;0;;0
307;3;40413;U16;126_V_SF;126_2_V19;;1;0;% VRef;0
308;3;40414;I16;126_DeptRef_SF;126_2_VAr19;;1;0;;0
309;3;40415;U16;126_V_SF;126_2_V20;;1;0;% VRef;0
310;3;40416;I16;126_DeptRef_SF;126_2_VAr20;;1;0;;0
311;3;40417;STRING;;126_2_CrvNam;;1;0;;0
312;3;40425;U16;;126_2_RmpTms;;1;0;Secs;0
313;3;40426;U16;126_RmpIncDec_SF;126_2_RmpDecTmm;;1;0;% ref_value/min;0
314;3;40427;U16;126_RmpIncDec_SF;126_2_RmpIncTmm;;1;0;% ref_value/min;0
315;3;40428;U16;;126_2_ReadOnly;;1;0;;0
316;3;40429;I16;;127_tableId;;1;0;;0
317;3;40430;I16;;127_tableSize;;1;0;;0
318;3;40431;U16;127_WGra_SF;127_WGra;;1;0;% PM/Hz;0
319;3;40432;I16;127_HzStrStop_SF;127_HzStr;;1;0;Hz;0
320;3;40433;I16;127_HzStrStop_SF;127_HzStop;;1;0;Hz;0
321;3;40434;U16;;127_HysEna;;1;0;;0
322;3;40435;U16;;127_ModEna;;1;0;;0
323;3;40436;U16;127_RmpIncDec_SF;127_HzStopWGra;;1;0;% WMax/min;0
324;3;40437;I16;;127_WGra_SF;;1;0;;0
325;3;40438;I16;;127_HzStrStop_SF;;1;0;;0
326;3;40439;I16;;127_RmpIncDec_SF;;1;0;;0
328;3;40441;I16;;128_tableId;;1;0;;0
329;3;40442;I16;;128_tableSize;;1;0;;0
330;3;40443;U16;;128_ArGraMod;;1;0;;0
331;3;40444;U16;128_ArGra_SF;128_ArGraSag;;1;0;%ARtg/%dV;0
332;3;40445;U16;128_ArGra_SF;128_ArGraSwell;;1;0;%ARtg/%dV;0
333;3;40446;U16;;128_ModEna;;1;0;;0
334;3;40447;U16;;128_FilTms;;1;0;Secs;0
335;3;40448;U16;128_VRefPct_SF;128_DbVMin;;1;0;% VRef;0
336;3;40449;U16;128_VRefPct_SF;128_DbVMax;;1;0;% VRef;0
337;3;40450;U16;128_VRefPct_SF;128_BlkZnV;;1;0;% VRef;0
338;3;40451;U16;128_VRefPct_SF;128_HysBlkZnV;;1;0;% VRef;0
339;3;40452;U16;;128_BlkZnTmms;;1;0;mSecs;0
340;3;40453;U16;;128_HoldTmms;;1;0;mSecs;0
341;3;40454;I16;;128_ArGra_SF;;1;0;;0
342;3;40455;I16;;128_VRefPct_SF;;1;0;;0
344;3;40457;I16;;129_tableId;;1;0;;0
345;3;40458;I16;;129_tableSize;;1;0;;0
346;3;40459;U16;;129_ActCrv;;1;0;;0
347;3;40460;U16;;129_ModEna;;1;0;;0
348;3;40461;U16;;129_WinTms;;1;0;Secs;0
349;3;40462;U16;;129_RvrtTms;;1;0;Secs;0
350;3;40463;U16;;129_RmpTms;;1;0;Secs;0
351;3;40464;U16;;129_NCrv;;1;0;;0
352;3;40465;U16;;129_NPt;;1;0;;0
353;3;40466;I16;;129_Tms_SF;;1;0;;0
354;3;40467;I16;;129_V_SF;;1;0;;0
356;3;40469;U16;;129_0_ActPt;;1;0;;0
357;3;40470;U16;129_Tms_SF;129_0_Tms1;;1;0;Secs;0
358;3;40471;U16;129_V_SF;129_0_V1;;1;0;% VRef;0
359;3;40472;U16;129_Tms_SF;129_0_Tms2;;1;0;Secs;0
360;3;40473;U16;129_V_SF;129_0_V2;;1;0;% VRef;0
361;3;40474;U16;129_Tms_SF;129_0_Tms3;;1;0;Secs;0
362;3;40475;U16;129_V_SF;129_0_V3;;1;0;% VRef;0
363;3;40476;U16;129_Tms_SF;129_0_Tms4;;1;0;Secs;0
364;3;40477;U16;129_V_SF;129_0_V4;;1;0;% VRef;0
365;3;40478;U16;129_Tms_SF;129_0_Tms5;;1;0;Secs;0
366;3;40479;U16;129_V_SF;129_0_V5;;1;0;% VRef;0
367;3;40480;U16;129_Tms_SF;129_0_Tms6;;1;0;Secs;0
368;3;40481;U16;129_V_SF;129_0_V6;;1;0;% VRef;0
369;3;40482;U16;129_Tms_SF;129_0_Tms7;;1;0;Secs;0
370;3;40483;U16;129_V_SF;129_0_V7;;1;0;% VRef;0
371;3;40484;U16;129_Tms_SF;129_0_Tms8;;1;0;Secs;0
372;3;40485;U16;129_V_SF;129_0_V8;;1;0;% VRef;0
373;3;40486;U16;129_Tms_SF;129_0_Tms9;;1;0;Secs;0
374;3;40487;U16;129_V_SF;129_0_V9;;1;0;% VRef;0
375;3;40488;U16;129_Tms_SF;129_0_Tms10;;1;0;Secs;0
376;3;40489;U16;129_V_SF;129_0_V10;;1;0;% VRef;0
377;3;40490;U16;129_Tms_SF;129_0_Tms11;;1;0;Secs;0
378;3;40491;U16;129_V_SF;129_0_V11;;1;0;% VRef;0
379;3;40492;U16;129_Tms_SF;129_0_Tms12;;1;0;Secs;0
380;3;40493;U16;129_V_SF;129_0_V12;;1;0;% VRef;0
381;3;40494;U16;129_Tms_SF;129_0_Tms13;;1;0;Secs;0
382;3;40495;U16;129_V_SF;129_0_V13;;1;0;% VRef;0
383;3;40496;U16;129_Tms_SF;129_0_Tms14;;1;0;Secs;0
384;3;40497;U16;129_V_SF;129_0_V14;;1;0;% VRef;0
385;3;40498;U16;129_Tms_SF;129_0_Tms15;;1;0;Secs;0
386;3;40499;U16;129_V_SF;129_0_V15;;1;0;% VRef;0
387;3;40500;U16;129_Tms_SF;129_0_Tms16;;1;0;Secs;0
388;3;40501;U16;129_V_SF;129_0_V16;;1;0;% VRef;0
389;3;40502;U16;129_Tms_SF;129_0_Tms17;;1;0;Secs;0
390;3;40503;U16;129_V_SF;129_0_V17;;1;0;% VRef;0
391;3;40504;U16;129_Tms_SF;129_0_Tms18;;1;0;Secs;0
392;3;40505;U16;129_V_SF;129_0_V18;;1;0;% VRef;0
393;3;40506;U16;129_Tms_SF;129_0_Tms19;;1;0;Secs;0
394;3;40507;U16;129_V_SF;129_0_V19;;1;0;% VRef;0
395;3;40508;U16;129_Tms_SF;129_0_Tms20;;1;0;Secs;0
396;3;40509;U16;129_V_SF;129_0_V20;;1;0;% VRef;0
397;3;40510;STRING;;129_0_CrvNam;;1;0;;0
398;3;40518;U16;;129_0_ReadOnly;;1;0;;0
399;3;40519;I16;;130_tableId;;1;0;;0
400;3;40520;I16;;130_tableSize;;1;0;;0
401;3;40521;U16;;130_ActCrv;;1;0;;0
402;3;40522;U16;;130_ModEna;;1;0;;0
403;3;40523;U16;;130_WinTms;;1;0;Secs;0
404;3;40524;U16;;130_RvrtTms;;1;0;Secs;0
405;3;40525;U16;;130_RmpTms;;1;0;Secs;0
406;3;40526;U16;;130_NCrv;;1;0;;0
407;3;40527;U16;;130_NPt;;1;0;;0
408;3;40528;I16;;130_Tms_SF;;1;0;;0
409;3;40529;I16;;130_V_SF;;1;0;;0
411;3;40531;U16;;130_0_ActPt;;1;0;;0
412;3;40532;U16;130_Tms_SF;130_0_Tms1;;1;0;Secs;0
413;3;40533;U16;130_V_SF;130_0_V1;;1;0;% VRef;0
414;3;40534;U16;130_Tms_SF;130_0_Tms2;;1;0;Secs;0
415;3;40535;U16;130_V_SF;130_0_V2;;1;0;% VRef;0
416;3;40536;U16;130_Tms_SF;130_0_Tms3;;1;0;Secs;0
417;3;40537;U16;130_V_SF;130_0_V3;;1;0;% VRef;0
418;3;40538;U16;130_Tms_SF;130_0_Tms4;;1;0;Secs;0
419;3;40539;U16;130_V_SF;130_0_V4;;1;0;% VRef;0
420;3;40540;U16;130_Tms_SF;130_0_Tms5;;1;0;Secs;0
421;3;40541;U16;130_V_SF;130_0_V5;;1;0;% VRef;0
422;3;40542;U16;130_Tms_SF;130_0_Tms6;;1;0;Secs;0
423;3;40543;U16;130_V_SF;130_0_V6;;1;0;% VRef;0
424;3;40544;U16;130_Tms_SF;130_0_Tms7;;1;0;Secs;0
425;3;40545;U16;130_V_SF;130_0_V7;;1;0;% VRef;0
426;3;40546;U16;130_Tms_SF;130_0_Tms8;;1;0;Secs;0
427;3;40547;U16;130_V_SF;130_0_V8;;1;0;% VRef;0
428;3;40548;U16;130_Tms_SF;130_0_Tms9;;1;0;Secs;0
429;3;40549;U16;130_V_SF;130_0_V9;;1;0;% VRef;0
430;3;40550;U16;130_Tms_SF;130_0_Tms10;;1;0;Secs;0
431;3;40551;U16;130_V_SF;130_0_V10;;1;0;% VRef;0
432;3;40552;U16;130_Tms_SF;130_0_Tms11;;1;0;Secs;0
433;3;40553;U16;130_V_SF;130_0_V11;;1;0;% VRef;0
434;3;40554;U16;130_Tms_SF;130_0_Tms12;;1;0;Secs;0
435;3;40555;U16;130_V_SF;130_0_V12;;1;0;% VRef;0
436;3;40556;U16;130_Tms_SF;130_0_Tms13;;1;0;Secs;0
437;3;40557;U16;130_V_SF;130_0_V13;;1;0;% VRef;0
438;3;40558;U16;130_Tms_SF;130_0_Tms14;;1;0;Secs;0
439;3;40559;U16;130_V_SF;130_0_V14;;1;0;% VRef;0
440;3;40560;U16;130_Tms_SF;130_0_Tms15;;1;0;Secs;0
441;3;40561;U16;130_V_SF;130_0_V15;;1;0;% VRef;0
442;3;40562;U16;130_Tms_SF;130_0_Tms16;;1;0;Secs;0
443;3;40563;U16;130_V_SF;130_0_V16;;1;0;% VRef;0
444;3;40564;U16;130_Tms_SF;130_0_Tms17;;1;0;Secs;0
445;3;40565;U16;130_V_SF;130_0_V17;;1;0;% VRef;0
446;3;40566;U16;130_Tms_SF;130_0_Tms18;;1;0;Secs;0
447;3;40567;U16;130_V_SF;130_0_V18;;1;0;% VRef;0
448;3;40568;U16;130_Tms_SF;130_0_Tms19;;1;0;Secs;0
449;3;40569;U16;130_V_SF;130_0_V19;;1;0;% VRef;0
450;3;40570;U16;130_Tms_SF;130_0_Tms20;;1;0;Secs;0
451;3;40571;U16;130_V_SF;130_0_V20;;1;0;% VRef;0
452;3;40572;STRING;;130_0_CrvNam;;1;0;;0
453;3;40580;U16;;130_0_ReadOnly;;1;0;;0
454;3;40581;I16;;131_tableId;;1;0;;0
455;3;40582;I16;;131_tableSize;;1;0;;0
456;3;40583;U16;;131_ActCrv;;1;0;;0
457;3;40584;U16;;131_ModEna;;1;0;;0
458;3;40585;U16;;131_WinTms;;1;0;Secs;0
459;3;40586;U16;;131_RvrtTms;;1;0;Secs;0
460;3;40587;U16;;131_RmpTms;;1;0;Secs;0
461;3;40588;U16;;131_NCrv;;1;0;;0
462;3;40589;U16;;131_NPt;;1;0;;0
463;3;40590;I16;;131_W_SF;;1;0;;0
464;3;40591;I16;;131_PF_SF;;1;0;;0
465;3;40592;I16;;131_RmpIncDec_SF;;1;0;;0
466;3;40593;U16;;131_0_ActPt;;1;0;;0
467;3;40594;I16;131_W_SF;131_0_W1;;1;0;% WMax;0
468;3;40595;I16;131_PF_SF;131_0_PF1;;1;0;cos();0
469;3;40596;I16;131_W_SF;131_0_W2;;1;0;% WMax;0
470;3;40597;I16;131_PF_SF;131_0_PF2;;1;0;cos();0
471;3;40598;I16;131_W_SF;131_0_W3;;1;0;% WMax;0
472;3;40599;I16;131_PF_SF;131_0_PF3;;1;0;cos();0
473;3;40600;I16;131_W_SF;131_0_W4;;1;0;% WMax;0
474;3;40601;I16;131_PF_SF;131_0_PF4;;1;0;cos();0
475;3;40602;I16;131_W_SF;131_0_W5;;1;0;% WMax;0
476;3;40603;I16;131_PF_SF;131_0_PF5;;1;0;cos();0
477;3;40604;I16;131_W_SF;131_0_W6;;1;0;% WMax;0
478;3;40605;I16;131_PF_SF;131_0_PF6;;1;0;cos();0
479;3;40606;I16;131_W_SF;131_0_W7;;1;0;% WMax;0
480;3;40607;I16;131_PF_SF;131_0_PF7;;1;0;cos();0
481;3;40608;I16;131_W_SF;131_0_W8;;1;0;% WMax;0
482;3;40609;I16;131_PF_SF;131_0_PF8;;1;0;cos();0
483;3;40610;I16;131_W_SF;131_0_W9;;1;0;% WMax;0
484;3;40611;I16;131_PF_SF;131_0_PF9;;1;0;cos();0
485;3;40612;I16;131_W_SF;131_0_W10;;1;0;% WMax;0
486;3;40613;I16;131_PF_SF;131_0_PF10;;1;0;cos();0
487;3;40614;I16;131_W_SF;131_0_W11;;1;0;% WMax;0
488;3;40615;I16;131_PF_SF;131_0_PF11;;1;0;cos();0
489;3;40616;I16;131_W_SF;131_0_W12;;1;0;% WMax;0
490;3;40617;I16;131_PF_SF;131_0_PF12;;1;0;cos();0
491;3;40618;I16;131_W_SF;131_0_W13;;1;0;% WMax;0
492;3;40619;I16;131_PF_SF;131_0_PF13;;1;0;cos();0
493;3;40620;I16;131_W_SF;131_0_W14;;1;0;% WMax;0
494;3;40621;I16;131_PF_SF;131_0_PF14;;1;0;cos();0
495;3;40622;I16;131_W_SF;131_0_W15;;1;0;% WMax;0
496;3;40623;I16;131_PF_SF;131_0_PF15;;1;0;cos();0
497;3;40624;I16;131_W_SF;131_0_W16;;1;0;% WMax;0
498;3;40625;I16;131_PF_SF;131_0_PF16;;1;0;cos();0
499;3;40626;I16;131_W_SF;131_0_W17;;1;0;% WMax;0
500;3;40627;I16;131_PF_SF;131_0_PF17;;1;0;cos();0
501;3;40628;I16;131_W_SF;131_0_W18;;1;0;% WMax;0
502;3;40629;I16;131_PF_SF;131_0_PF18;;1;0;cos();0
503;3;40630;I16;131_W_SF;131_0_W19;;1;0;% WMax;0
504;3;40631;I16;131_PF_SF;131_0_PF19;;1;0;cos();0
505;3;40632;I16;131_W_SF;131_0_W20;;1;0;% WMax;0
506;3;40633;I16;131_PF_SF;131_0_PF20;;1;0;cos();0
507;3;40634;STRING;;131_0_CrvNam;;1;0;;0
508;3;40642;U16;;131_0_RmpPT1Tms;;1;0;Secs;0
509;3;40643;U16;131_RmpIncDec_SF;131_0_RmpDecTmm;;1;0;% PF/min;0
510;3;40644;U16;131_RmpIncDec_SF;131_0_RmpIncTmm;;1;0;% PF/min;0
511;3;40645;U16;;131_0_ReadOnly;;1;0;;0
513;3;40647;U16;;131_1_ActPt;;1;0;;0
514;3;40648;I16;131_W_SF;131_1_W1;;1;0;% WMax;0
515;3;40649;I16;131_PF_SF;131_1_PF1;;1;0;cos();0
516;3;40650;I16;131_W_SF;131_1_W2;;1;0;% WMax;0
517;3;40651;I16;131_PF_SF;131_1_PF2;;1;0;cos();0
518;3;40652;I16;131_W_SF;131_1_W3;;1;0;% WMax;0
519;3;40653;I16;131_PF_SF;131_1_PF3;;1;0;cos();0
520;3;40654;I16;131_W_SF;131_1_W4;;1;0;% WMax;0
521;3;40655;I16;131_PF_SF;131_1_PF4;;1;0;cos();0
522;3;40656;I16;131_W_SF;131_1_W5;;1;0;% WMax;0
523;3;40657;I16;131_PF_SF;131_1_PF5;;1;0;cos();0
524;3;40658;I16;131_W_SF;131_1_W6;;1;0;% WMax;0
525;3;40659;I16;131_PF_SF;131_1_PF6;;1;0;cos();0
526;3;40660;I16;131_W_SF;131_1_W7;;1;0;% WMax;0
527;3;40661;I16;131_PF_SF;131_1_PF7;;1;0;cos();0
528;3;40662;I16;131_W_SF;131_1_W8;;1;0;% WMax;0
529;3;40663;I16;131_PF_SF;131_1_PF8;;1;0;cos();0
530;3;40664;I16;131_W_SF;131_1_W9;;1;0;% WMax;0
531;3;40665;I16;131_PF_SF;131_1_PF9;;1;0;cos();0
532;3;40666;I16;131_W_SF;131_1_W10;;1;0;% WMax;0
533;3;40667;I16;131_PF_SF;131_1_PF10;;1;0;cos();0
534;3;40668;I16;131_W_SF;131_1_W11;;1;0;% WMax;0
535;3;40669;I16;131_PF_SF;131_1_PF11;;1;0;cos();0
536;3;40670;I16;131_W_SF;131_1_W12;;1;0;% WMax;0
537;3;40671;I16;131_PF_SF;131_1_PF12;;1;0;cos();0
538;3;40672;I16;131_W_SF;131_1_W13;;1;0;% WMax;0
539;3;40673;I16;131_PF_SF;131_1_PF13;;1;0;cos();0
540;3;40674;I16;131_W_SF;131_1_W14;;1;0;% WMax;0
541;3;40675;I16;131_PF_SF;131_1_PF14;;1;0;cos();0
542;3;40676;I16;131_W_SF;131_1_W15;;1;0;% WMax;0
543;3;40677;I16;131_PF_SF;131_1_PF15;;1;0;cos();0
544;3;40678;I16;131_W_SF;131_1_W16;;1;0;% WMax;0
545;3;40679;I16;131_PF_SF;131_1_PF16;;1;0;cos();0
546;3;40680;I16;131_W_SF;131_1_W17;;1;0;% WMax;0
547;3;40681;I16;131_PF_SF;131_1_PF17;;1;0;cos();0
548;3;40682;I16;131_W_SF;131_1_W18;;1;0;% WMax;0
549;3;40683;I16;131_PF_SF;131_1_PF18;;1;0;cos();0
550;3;40684;I16;131_W_SF;131_1_W19;;1;0;% WMax;0
551;3;40685;I16;131_PF_SF;131_1_PF19;;1;0;cos();0
552;3;40686;I16;131_W_SF;131_1_W20;;1;0;% WMax;0
553;3;40687;I16;131_PF_SF;131_1_PF20;;1;0;cos();0
554;3;40688;STRING;;131_1_CrvNam;;1;0;;0
555;3;40696;U16;;131_1_RmpPT1Tms;;1;0;Secs;0
556;3;40697;U16;131_RmpIncDec_SF;131_1_RmpDecTmm;;1;0;% PF/min;0
557;3;40698;U16;131_RmpIncDec_SF;131_1_RmpIncTmm;;1;0;% PF/min;0
558;3;40699;U16;;131_1_ReadOnly;;1;0;;0
560;3;40701;U16;;131_2_ActPt;;1;0;;0
561;3;40702;I16;131_W_SF;131_2_W1;;1;0;% WMax;0
562;3;40703;I16;131_PF_SF;131_2_PF1;;1;0;cos();0
563;3;40704;I16;131_W_SF;131_2_W2;;1;0;% WMax;0
564;3;40705;I16;131_PF_SF;131_2_PF2;;1;0;cos();0
565;3;40706;I16;131_W_SF;131_2_W3;;1;0;% WMax;0
566;3;40707;I16;131_PF_SF;131_2_PF3;;1;0;cos();0
567;3;40708;I16;131_W_SF;131_2_W4;;1;0;% WMax;0
568;3;40709;I16;131_PF_SF;131_2_PF4;;1;0;cos();0
569;3;40710;I16;131_W_SF;131_2_W5;;1;0;% WMax;0
570;3;40711;I16;131_PF_SF;131_2_PF5;;1;0;cos();0
571;3;40712;I16;131_W_SF;131_2_W6;;1;0;% WMax;0
572;3;40713;I16;131_PF_SF;131_2_PF6;;1;0;cos();0
573;3;40714;I16;131_W_SF;131_2_W7;;1;0;% WMax;0
574;3;40715;I16;131_PF_SF;131_2_PF7;;1;0;cos();0
575;3;40716;I16;131_W_SF;131_2_W8;;1;0;% WMax;0
576;3;40717;I16;131_PF_SF;131_2_PF8;;1;0;cos();0
577;3;40718;I16;131_W_SF;131_2_W9;;1;0;% WMax;0
578;3;40719;I16;131_PF_SF;131_2_PF9;;1;0;cos();0
579;3;40720;I16;131_W_SF;131_2_W10;;1;0;% WMax;0
580;3;40721;I16;131_PF_SF;131_2_PF10;;1;0;cos();0
581;3;40722;I16;131_W_SF;131_2_W11;;1;0;% WMax;0
582;3;40723;I16;131_PF_SF;131_2_PF11;;1;0;cos();0
583;3;40724;I16;131_W_SF;131_2_W12;;1;0;% WMax;0
584;3;40725;I16;131_PF_SF;131_2_PF12;;1;0;cos();0
585;3;40726;I16;131_W_SF;131_2_W13;;1;0;% WMax;0
586;3;40727;I16;131_PF_SF;131_2_PF13;;1;0;cos();0
587;3;40728;I16;131_W_SF;131_2_W14;;1;0;% WMax;0
588;3;40729;I16;131_PF_SF;131_2_PF14;;1;0;cos();0
589;3;40730;I16;131_W_SF;131_2_W15;;1;0;% WMax;0
590;3;40731;I16;131_PF_SF;131_2_PF15;;1;0;cos();0
591;3;40732;I16;131_W_SF;131_2_W16;;1;0;% WMax;0
592;3;40733;I16;131_PF_SF;131_2_PF16;;1;0;cos();0
593;3;40734;I16;131_W_SF;131_2_W17;;1;0;% WMax;0
594;3;40735;I16;131_PF_SF;131_2_PF17;;1;0;cos();0
595;3;40736;I16;131_W_SF;131_2_W18;;1;0;% WMax;0
596;3;40737;I16;131_PF_SF;131_2_PF18;;1;0;cos();0
597;3;40738;I16;131_W_SF;131_2_W19;;1;0;% WMax;0
598;3;40739;I16;131_PF_SF;131_2_PF19;;1;0;cos();0
599;3;40740;I16;131_W_SF;131_2_W20;;1;0;% WMax;0
600;3;40741;I16;131_PF_SF;131_2_PF20;;1;0;cos();0
601;3;40742;STRING;;131_2_CrvNam;;1;0;;0
602;3;40750;U16;;131_2_RmpPT1Tms;;1;0;Secs;0
603;3;40751;U16;131_RmpIncDec_SF;131_2_RmpDecTmm;;1;0;% PF/min;0
604;3;40752;U16;131_RmpIncDec_SF;131_2_RmpIncTmm;;1;0;% PF/min;0
605;3;40753;U16;;131_2_ReadOnly;;1;0;;0
607;3;40755;I16;;132_tableId;;1;0;;0
608;3;40756;I16;;132_tableSize;;1;0;;0
609;3;40757;U16;;132_ActCrv;;1;0;;0
610;3;40758;U16;;132_ModEna;;1;0;;0
611;3;40759;U16;;132_WinTms;;1;0;Secs;0
612;3;40760;U16;;132_RvrtTms;;1;0;Secs;0
613;3;40761;U16;;132_RmpTms;;1;0;Secs;0
614;3;40762;U16;;132_NCrv;;1;0;;0
615;3;40763;U16;;132_NPt;;1;0;;0
616;3;40764;I16;;132_V_SF;;1;0;;0
617;3;40765;I16;;132_DeptRef_SF;;1;0;;0
618;3;40766;I16;;132_RmpIncDec_SF;;1;0;;0
619;3;40767;U16;;132_0_ActPt;;1;0;;0
620;3;40768;U16;;132_0_DeptRef;;1;0;;0
621;3;40769;U16;132_V_SF;132_0_V1;;1;0;% VRef;0
622;3;40770;I16;132_DeptRef_SF;132_0_W1;;1;0;% VRef;0
623;3;40771;U16;132_V_SF;132_0_V2;;1;0;% VRef;0
624;3;40772;I16;132_DeptRef_SF;132_0_W2;;1;0;% VRef;0
625;3;40773;U16;132_V_SF;132_0_V3;;1;0;% VRef;0
626;3;40774;I16;132_DeptRef_SF;132_0_W3;;1;0;% VRef;0
627;3;40775;U16;132_V_SF;132_0_V4;;1;0;% VRef;0
628;3;40776;I16;132_DeptRef_SF;132_0_W4;;1;0;% VRef;0
629;3;40777;U16;132_V_SF;132_0_V5;;1;0;% VRef;0
630;3;40778;I16;132_DeptRef_SF;132_0_W5;;1;0;% VRef;0
631;3;40779;U16;132_V_SF;132_0_V6;;1;0;% VRef;0
632;3;40780;I16;132_DeptRef_SF;132_0_W6;;1;0;% VRef;0
633;3;40781;U16;132_V_SF;132_0_V7;;1;0;% VRef;0
634;3;40782;I16;132_DeptRef_SF;132_0_W7;;1;0;% VRef;0
635;3;40783;U16;132_V_SF;132_0_V8;;1;0;% VRef;0
636;3;40784;I16;132_DeptRef_SF;132_0_W8;;1;0;% VRef;0
637;3;40785;U16;132_V_SF;132_0_V9;;1;0;% VRef;0
638;3;40786;I16;132_DeptRef_SF;132_0_W9;;1;0;% VRef;0
639;3;40787;U16;132_V_SF;132_0_V10;;1;0;% VRef;0
640;3;40788;I16;132_DeptRef_SF;132_0_W10;;1;0;% VRef;0
641;3;40789;U16;132_V_SF;132_0_V11;;1;0;% VRef;0
642;3;40790;I16;132_DeptRef_SF;132_0_W11;;1;0;% VRef;0
643;3;40791;U16;132_V_SF;132_0_V12;;1;0;% VRef;0
644;3;40792;I16;132_DeptRef_SF;132_0_W12;;1;0;% VRef;0
645;3;40793;U16;132_V_SF;132_0_V13;;1;0;% VRef;0
646;3;40794;I16;132_DeptRef_SF;132_0_W13;;1;0;% VRef;0
647;3;40795;U16;132_V_SF;132_0_V14;;1;0;% VRef;0
648;3;40796;I16;132_DeptRef_SF;132_0_W14;;1;0;% VRef;0
649;3;40797;U16;132_V_SF;132_0_V15;;1;0;% VRef;0
650;3;40798;I16;132_DeptRef_SF;132_0_W15;;1;0;% VRef;0
651;3;40799;U16;132_V_SF;132_0_V16;;1;0;% VRef;0
652;3;40800;I16;132_DeptRef_SF;132_0_W16;;1;0;% VRef;0
653;3;40801;U16;132_V_SF;132_0_V17;;1;0;% VRef;0
654;3;40802;I16;132_DeptRef_SF;132_0_W17;;1;0;% VRef;0
655;3;40803;U16;132_V_SF;132_0_V18;;1;0;% VRef;0
656;3;40804;I16;132_DeptRef_SF;132_0_W18;;1;0;% VRef;0
657;3;40805;U16;132_V_SF;132_0_V19;;1;0;% VRef;0
658;3;40806;I16;132_DeptRef_SF;132_0_W19;;1;0;% VRef;0
659;3;40807;U16;132_V_SF;132_0_V20;;1;0;% VRef;0
660;3;40808;I16;132_DeptRef_SF;132_0_W20;;1;0;% VRef;0
661;3;40809;STRING;;132_0_CrvNam;;1;0;;0
662;3;40817;U16;;132_0_RmpPt1Tms;;1;0;Secs;0
663;3;40818;U16;132_RmpIncDec_SF;132_0_RmpDecTmm;;1;0;% WMax/min;0
664;3;40819;U16;132_RmpIncDec_SF;132_0_RmpIncTmm;;1;0;% WMax/min;0
665;3;40820;U16;;132_0_ReadOnly;;1;0;;0
666;3;40821;I16;;134_tableId;;1;0;;0
667;3;40822;I16;;134_tableSize;;1;0;;0
668;3;40823;U16;;134_ActCrv;;1;0;;0
669;3;40824;U16;;134_ModEna;;1;0;;0
670;3;40825;U16;;134_WinTms;;1;0;Secs;0
671;3;40826;U16;;134_RvrtTms;;1;0;Secs;0
672;3;40827;U16;;134_RmpTms;;1;0;Secs;0
673;3;40828;U16;;134_NCrv;;1;0;;0
674;3;40829;U16;;134_NPt;;1;0;;0
675;3;40830;I16;;134_Hz_SF;;1;0;SF;0
676;3;40831;I16;;134_W_SF;;1;0;SF;0
677;3;40832;I16;;134_RmpIncDec_SF;;1;0;SF;0
678;3;40833;U16;;134_0_ActPt;;1;0;;0
679;3;40834;U16;134_Hz_SF;134_0_Hz1;;1;0;Hz;0
680;3;40835;I16;134_W_SF;134_0_W1;;1;0;% WRef;0
681;3;40836;U16;134_Hz_SF;134_0_Hz2;;1;0;Hz;0
682;3;40837;I16;134_W_SF;134_0_W2;;1;0;% WRef;0
683;3;40838;U16;134_Hz_SF;134_0_Hz3;;1;0;Hz;0
684;3;40839;I16;134_W_SF;134_0_W3;;1;0;% WRef;0
685;3;40840;U16;134_Hz_SF;134_0_Hz4;;1;0;Hz;0
686;3;40841;I16;134_W_SF;134_0_W4;;1;0;% WRef;0
687;3;40842;U16;134_Hz_SF;134_0_Hz5;;1;0;Hz;0
688;3;40843;I16;134_W_SF;134_0_W5;;1;0;% WRef;0
689;3;40844;U16;134_Hz_SF;134_0_Hz6;;1;0;Hz;0
690;3;40845;I16;134_W_SF;134_0_W6;;1;0;% WRef;0
691;3;40846;U16;134_Hz_SF;134_0_Hz7;;1;0;Hz;0
692;3;40847;I16;134_W_SF;134_0_W7;;1;0;% WRef;0
693;3;40848;U16;134_Hz_SF;134_0_Hz8;;1;0;Hz;0
694;3;40849;I16;134_W_SF;134_0_W8;;1;0;% WRef;0
695;3;40850;U16;134_Hz_SF;134_0_Hz9;;1;0;Hz;0
696;3;40851;I16;134_W_SF;134_0_W9;;1;0;% WRef;0
697;3;40852;U16;134_Hz_SF;134_0_Hz10;;1;0;Hz;0
698;3;40853;I16;134_W_SF;134_0_W10;;1;0;% WRef;0
699;3;40854;U16;134_Hz_SF;134_0_Hz11;;1;0;Hz;0
700;3;40855;I16;134_W_SF;134_0_W11;;1;0;% WRef;0
701;3;40856;U16;134_Hz_SF;134_0_Hz12;;1;0;Hz;0
702;3;40857;I16;134_W_SF;134_0_W12;;1;0;% WRef;0
703;3;40858;U16;134_Hz_SF;134_0_Hz13;;1;0;Hz;0
704;3;40859;I16;134_W_SF;134_0_W13;;1;0;% WRef;0
705;3;40860;U16;134_Hz_SF;134_0_Hz14;;1;0;Hz;0
706;3;40861;I16;134_W_SF;134_0_W14;;1;0;% WRef;0
707;3;40862;U16;134_Hz_SF;134_0_Hz15;;1;0;Hz;0
708;3;40863;I16;134_W_SF;134_0_W15;;1;0;% WRef;0
709;3;40864;U16;134_Hz_SF;134_0_Hz16;;1;0;Hz;0
710;3;40865;I16;134_W_SF;134_0_W16;;1;0;% WRef;0
711;3;40866;U16;134_Hz_SF;134_0_Hz17;;1;0;Hz;0
712;3;40867;I16;134_W_SF;134_0_W17;;1;0;% WRef;0
713;3;40868;U16;134_Hz_SF;134_0_Hz18;;1;0;Hz;0
714;3;40869;I16;134_W_SF;134_0_W18;;1;0;% WRef;0
715;3;40870;U16;134_Hz_SF;134_0_Hz19;;1;0;Hz;0
716;3;40871;I16;134_W_SF;134_0_W19;;1;0;% WRef;0
717;3;40872;U16;134_Hz_SF;134_0_Hz20;;1;0;Hz;0
718;3;40873;I16;134_W_SF;134_0_W20;;1;0;% WRef;0
719;3;40874;STRING;;134_0_CrvNam;;1;0;;0
720;3;40882;U16;;134_0_RmpPT1Tms;;1;0;Secs;0
721;3;40883;U16;134_RmpIncDec_SF;134_0_RmpDecTmm;;1;0;% WMax/min;0
722;3;40884;U16;134_RmpIncDec_SF;134_0_RmpIncTmm;;1;0;% WMax/min;0
723;3;40885;U16;134_RmpIncDec_SF;134_0_RmpRsUp;;1;0;% WMax/min;0
724;3;40886;U16;;134_0_SnptW;;1;0;;0
725;3;40887;U16;134_W_SF;134_0_WRef;;1;0;W;0
726;3;40888;U16;134_Hz_SF;134_0_WRefStrHz;;1;0;Hz;0
727;3;40889;U16;134_Hz_SF;134_0_WRefStopHz;;1;0;Hz;0
728;3;40890;U16;;134_0_ReadOnly;;1;0;;0
729;3;40891;U16;;134_1_ActPt;;1;0;;0
730;3;40892;U16;134_Hz_SF;134_1_Hz1;;1;0;Hz;0
731;3;40893;I16;134_W_SF;134_1_W1;;1;0;% WRef;0
732;3;40894;U16;134_Hz_SF;134_1_Hz2;;1;0;Hz;0
733;3;40895;I16;134_W_SF;134_1_W2;;1;0;% WRef;0
734;3;40896;U16;134_Hz_SF;134_1_Hz3;;1;0;Hz;0
735;3;40897;I16;134_W_SF;134_1_W3;;1;0;% WRef;0
736;3;40898;U16;134_Hz_SF;134_1_Hz4;;1;0;Hz;0
737;3;40899;I16;134_W_SF;134_1_W4;;1;0;% WRef;0
738;3;40900;U16;134_Hz_SF;134_1_Hz5;;1;0;Hz;0
739;3;40901;I16;134_W_SF;134_1_W5;;1;0;% WRef;0
740;3;40902;U16;134_Hz_SF;134_1_Hz6;;1;0;Hz;0
741;3;40903;I16;134_W_SF;134_1_W6;;1;0;% WRef;0
742;3;40904;U16;134_Hz_SF;134_1_Hz7;;1;0;Hz;0
743;3;40905;I16;134_W_SF;134_1_W7;;1;0;% WRef;0
744;3;40906;U16;134_Hz_SF;134_1_Hz8;;1;0;Hz;0
745;3;40907;I16;134_W_SF;134_1_W8;;1;0;% WRef;0
746;3;40908;U16;134_Hz_SF;134_1_Hz9;;1;0;Hz;0
747;3;40909;I16;134_W_SF;134_1_W9;;1;0;% WRef;0
748;3;40910;U16;134_Hz_SF;134_1_Hz10;;1;0;Hz;0
749;3;40911;I16;134_W_SF;134_1_W10;;1;0;% WRef;0
750;3;40912;U16;134_Hz_SF;134_1_Hz11;;1;0;Hz;0
751;3;40913;I16;134_W_SF;134_1_W11;;1;0;% WRef;0
752;3;40914;U16;134_Hz_SF;134_1_Hz12;;1;0;Hz;0
753;3;40915;I16;134_W_SF;134_1_W12;;1;0;% WRef;0
754;3;40916;U16;134_Hz_SF;134_1_Hz13;;1;0;Hz;0
755;3;40917;I16;134_W_SF;134_1_W13;;1;0;% WRef;0
756;3;40918;U16;134_Hz_SF;134_1_Hz14;;1;0;Hz;0
757;3;40919;I16;134_W_SF;134_1_W14;;1;0;% WRef;0
758;3;40920;U16;134_Hz_SF;134_1_Hz15;;1;0;Hz;0
759;3;40921;I16;134_W_SF;134_1_W15;;1;0;% WRef;0
760;3;40922;U16;134_Hz_SF;134_1_Hz16;;1;0;Hz;0
761;3;40923;I16;134_W_SF;134_1_W16;;1;0;% WRef;0
762;3;40924;U16;134_Hz_SF;134_1_Hz17;;1;0;Hz;0
763;3;40925;I16;134_W_SF;134_1_W17;;1;0;% WRef;0
764;3;40926;U16;134_Hz_SF;134_1_Hz18;;1;0;Hz;0
765;3;40927;I16;134_W_SF;134_1_W18;;1;0;% WRef;0
766;3;40928;U16;134_Hz_SF;134_1_Hz19;;1;0;Hz;0
767;3;40929;I16;134_W_SF;134_1_W19;;1;0;% WRef;0
768;3;40930;U16;134_Hz_SF;134_1_Hz20;;1;0;Hz;0
769;3;40931;I16;134_W_SF;134_1_W20;;1;0;% WRef;0
770;3;40932;STRING;;134_1_CrvNam;;1;0;;0
771;3;40940;U16;;134_1_RmpPT1Tms;;1;0;Secs;0
772;3;40941;U16;134_RmpIncDec_SF;134_1_RmpDecTmm;;1;0;% WMax/min;0
773;3;40942;U16;134_RmpIncDec_SF;134_1_RmpIncTmm;;1;0;% WMax/min;0
774;3;40943;U16;134_RmpIncDec_SF;134_1_RmpRsUp;;1;0;% WMax/min;0
775;3;40944;U16;;134_1_SnptW;;1;0;;0
776;3;40945;U16;134_W_SF;134_1_WRef;;1;0;W;0
777;3;40946;U16;134_Hz_SF;134_1_WRefStrHz;;1;0;Hz;0
778;3;40947;U16;134_Hz_SF;134_1_WRefStopHz;;1;0;Hz;0
779;3;40948;U16;;134_1_ReadOnly;;1;0;;0
780;3;40949;U16;;134_2_ActPt;;1;0;;0
781;3;40950;U16;134_Hz_SF;134_2_Hz1;;1;0;Hz;0
782;3;40951;I16;134_W_SF;134_2_W1;;1;0;% WRef;0
783;3;40952;U16;134_Hz_SF;134_2_Hz2;;1;0;Hz;0
784;3;40953;I16;134_W_SF;134_2_W2;;1;0;% WRef;0
785;3;40954;U16;134_Hz_SF;134_2_Hz3;;1;0;Hz;0
786;3;40955;I16;134_W_SF;134_2_W3;;1;0;% WRef;0
787;3;40956;U16;134_Hz_SF;134_2_Hz4;;1;0;Hz;0
788;3;40957;I16;134_W_SF;134_2_W4;;1;0;% WRef;0
789;3;40958;U16;134_Hz_SF;134_2_Hz5;;1;0;Hz;0
790;3;40959;I16;134_W_SF;134_2_W5;;1;0;% WRef;0
791;3;40960;U16;134_Hz_SF;134_2_Hz6;;1;0;Hz;0
792;3;40961;I16;134_W_SF;134_2_W6;;1;0;% WRef;0
793;3;40962;U16;134_Hz_SF;134_2_Hz7;;1;0;Hz;0
794;3;40963;I16;134_W_SF;134_2_W7;;1;0;% WRef;0
795;3;40964;U16;134_Hz_SF;134_2_Hz8;;1;0;Hz;0
796;3;40965;I16;134_W_SF;134_2_W8;;1;0;% WRef;0
797;3;40966;U16;134_Hz_SF;134_2_Hz9;;1;0;Hz;0
798;3;40967;I16;134_W_SF;134_2_W9;;1;0;% WRef;0
799;3;40968;U16;134_Hz_SF;134_2_Hz10;;1;0;Hz;0
800;3;40969;I16;134_W_SF;134_2_W10;;1;0;% WRef;0
801;3;40970;U16;134_Hz_SF;134_2_Hz11;;1;0;Hz;0
802;3;40971;I16;134_W_SF;134_2_W11;;1;0;% WRef;0
803;3;40972;U16;134_Hz_SF;134_2_Hz12;;1;0;Hz;0
804;3;40973;I16;134_W_SF;134_2_W12;;1;0;% WRef;0
805;3;40974;U16;134_Hz_SF;134_2_Hz13;;1;0;Hz;0
806;3;40975;I16;134_W_SF;134_2_W13;;1;0;% WRef;0
807;3;40976;U16;134_Hz_SF;134_2_Hz14;;1;0;Hz;0
808;3;40977;I16;134_W_SF;134_2_W14;;1;0;% WRef;0
809;3;40978;U16;134_Hz_SF;134_2_Hz15;;1;0;Hz;0
810;3;40979;I16;134_W_SF;134_2_W15;;1;0;% WRef;0
811;3;40980;U16;134_Hz_SF;134_2_Hz16;;1;0;Hz;0
812;3;40981;I16;134_W_SF;134_2_W16;;1;0;% WRef;0
813;3;40982;U16;134_Hz_SF;134_2_Hz17;;1;0;Hz;0
814;3;40983;I16;134_W_SF;134_2_W17;;1;0;% WRef;0
815;3;40984;U16;134_Hz_SF;134_2_Hz18;;1;0;Hz;0
816;3;40985;I16;134_W_SF;134_2_W18;;1;0;% WRef;0
817;3;40986;U16;134_Hz_SF;134_2_Hz19;;1;0;Hz;0
818;3;40987;I16;134_W_SF;134_2_W19;;1;0;% WRef;0
819;3;40988;U16;134_Hz_SF;134_2_Hz20;;1;0;Hz;0
820;3;40989;I16;134_W_SF;134_2_W20;;1;0;% WRef;0
821;3;40990;STRING;;134_2_CrvNam;;1;0;;0
822;3;40998;U16;;134_2_RmpPT1Tms;;1;0;Secs;0
823;3;40999;U16;134_RmpIncDec_SF;134_2_RmpDecTmm;;1;0;% WMax/min;0
824;3;41000;U16;134_RmpIncDec_SF;134_2_RmpIncTmm;;1;0;% WMax/min;0
825;3;41001;U16;134_RmpIncDec_SF;134_2_RmpRsUp;;1;0;% WMax/min;0
826;3;41002;U16;;134_2_SnptW;;1;0;;0
827;3;41003;U16;134_W_SF;134_2_WRef;;1;0;W;0
828;3;41004;U16;134_Hz_SF;134_2_WRefStrHz;;1;0;Hz;0
829;3;41005;U16;134_Hz_SF;134_2_WRefStopHz;;1;0;Hz;0
830;3;41006;U16;;134_2_ReadOnly;;1;0;;0
831;3;41007;U16;;134_3_ActPt;;1;0;;0
832;3;41008;U16;134_Hz_SF;134_3_Hz1;;1;0;Hz;0
833;3;41009;I16;134_W_SF;134_3_W1;;1;0;% WRef;0
834;3;41010;U16;134_Hz_SF;134_3_Hz2;;1;0;Hz;0
835;3;41011;I16;134_W_SF;134_3_W2;;1;0;% WRef;0
836;3;41012;U16;134_Hz_SF;134_3_Hz3;;1;0;Hz;0
837;3;41013;I16;134_W_SF;134_3_W3;;1;0;% WRef;0
838;3;41014;U16;134_Hz_SF;134_3_Hz4;;1;0;Hz;0
839;3;41015;I16;134_W_SF;134_3_W4;;1;0;% WRef;0
840;3;41016;U16;134_Hz_SF;134_3_Hz5;;1;0;Hz;0
841;3;41017;I16;134_W_SF;134_3_W5;;1;0;% WRef;0
842;3;41018;U16;134_Hz_SF;134_3_Hz6;;1;0;Hz;0
843;3;41019;I16;134_W_SF;134_3_W6;;1;0;% WRef;0
844;3;41020;U16;134_Hz_SF;134_3_Hz7;;1;0;Hz;0
845;3;41021;I16;134_W_SF;134_3_W7;;1;0;% WRef;0
846;3;41022;U16;134_Hz_SF;134_3_Hz8;;1;0;Hz;0
847;3;41023;I16;134_W_SF;134_3_W8;;1;0;% WRef;0
848;3;41024;U16;134_Hz_SF;134_3_Hz9;;1;0;Hz;0
849;3;41025;I16;134_W_SF;134_3_W9;;1;0;% WRef;0
850;3;41026;U16;134_Hz_SF;134_3_Hz10;;1;0;Hz;0
851;3;41027;I16;134_W_SF;134_3_W10;;1;0;% WRef;0
852;3;41028;U16;134_Hz_SF;134_3_Hz11;;1;0;Hz;0
853;3;41029;I16;134_W_SF;134_3_W11;;1;0;% WRef;0
854;3;41030;U16;134_Hz_SF;134_3_Hz12;;1;0;Hz;0
855;3;41031;I16;134_W_SF;134_3_W12;;1;0;% WRef;0
856;3;41032;U16;134_Hz_SF;134_3_Hz13;;1;0;Hz;0
857;3;41033;I16;134_W_SF;134_3_W13;;1;0;% WRef;0
858;3;41034;U16;134_Hz_SF;134_3_Hz14;;1;0;Hz;0
859;3;41035;I16;134_W_SF;134_3_W14;;1;0;% WRef;0
860;3;41036;U16;134_Hz_SF;134_3_Hz15;;1;0;Hz;0
861;3;41037;I16;134_W_SF;134_3_W15;;1;0;% WRef;0
862;3;41038;U16;134_Hz_SF;134_3_Hz16;;1;0;Hz;0
863;3;41039;I16;134_W_SF;134_3_W16;;1;0;% WRef;0
864;3;41040;U16;134_Hz_SF;134_3_Hz17;;1;0;Hz;0
865;3;41041;I16;134_W_SF;134_3_W17;;1;0;% WRef;0
866;3;41042;U16;134_Hz_SF;134_3_Hz18;;1;0;Hz;0
867;3;41043;I16;134_W_SF;134_3_W18;;1;0;% WRef;0
868;3;41044;U16;134_Hz_SF;134_3_Hz19;;1;0;Hz;0
869;3;41045;I16;134_W_SF;134_3_W19;;1;0;% WRef;0
870;3;41046;U16;134_Hz_SF;134_3_Hz20;;1;0;Hz;0
871;3;41047;I16;134_W_SF;134_3_W20;;1;0;% WRef;0
872;3;41048;STRING;;134_3_CrvNam;;1;0;;0
873;3;41056;U16;;134_3_RmpPT1Tms;;1;0;Secs;0
874;3;41057;U16;134_RmpIncDec_SF;134_3_RmpDecTmm;;1;0;% WMax/min;0
875;3;41058;U16;134_RmpIncDec_SF;134_3_RmpIncTmm;;1;0;% WMax/min;0
876;3;41059;U16;134_RmpIncDec_SF;134_3_RmpRsUp;;1;0;% WMax/min;0
877;3;41060;U16;;134_3_SnptW;;1;0;;0
878;3;41061;U16;134_W_SF;134_3_WRef;;1;0;W;0
879;3;41062;U16;134_Hz_SF;134_3_WRefStrHz;;1;0;Hz;0
880;3;41063;U16;134_Hz_SF;134_3_WRefStopHz;;1;0;Hz;0
881;3;41064;U16;;134_3_ReadOnly;;1;0;;0
882;3;41065;U16;;134_4_ActPt;;1;0;;0
883;3;41066;U16;134_Hz_SF;134_4_Hz1;;1;0;Hz;0
884;3;41067;I16;134_W_SF;134_4_W1;;1;0;% WRef;0
885;3;41068;U16;134_Hz_SF;134_4_Hz2;;1;0;Hz;0
886;3;41069;I16;134_W_SF;134_4_W2;;1;0;% WRef;0
887;3;41070;U16;134_Hz_SF;134_4_Hz3;;1;0;Hz;0
888;3;41071;I16;134_W_SF;134_4_W3;;1;0;% WRef;0
889;3;41072;U16;134_Hz_SF;134_4_Hz4;;1;0;Hz;0
890;3;41073;I16;134_W_SF;134_4_W4;;1;0;% WRef;0
891;3;41074;U16;134_Hz_SF;134_4_Hz5;;1;0;Hz;0
892;3;41075;I16;134_W_SF;134_4_W5;;1;0;% WRef;0
893;3;41076;U16;134_Hz_SF;134_4_Hz6;;1;0;Hz;0
894;3;41077;I16;134_W_SF;134_4_W6;;1;0;% WRef;0
895;3;41078;U16;134_Hz_SF;134_4_Hz7;;1;0;Hz;0
896;3;41079;I16;134_W_SF;134_4_W7;;1;0;% WRef;0
897;3;41080;U16;134_Hz_SF;134_4_Hz8;;1;0;Hz;0
898;3;41081;I16;134_W_SF;134_4_W8;;1;0;% WRef;0
899;3;41082;U16;134_Hz_SF;134_4_Hz9;;1;0;Hz;0
900;3;41083;I16;134_W_SF;134_4_W9;;1;0;% WRef;0
901;3;41084;U16;134_Hz_SF;134_4_Hz10;;1;0;Hz;0
902;3;41085;I16;134_W_SF;134_4_W10;;1;0;% WRef;0
903;3;41086;U16;134_Hz_SF;134_4_Hz11;;1;0;Hz;0
904;3;41087;I16;134_W_SF;134_4_W11;;1;0;% WRef;0
905;3;41088;U16;134_Hz_SF;134_4_Hz12;;1;0;Hz;0
906;3;41089;I16;134_W_SF;134_4_W12;;1;0;% WRef;0
907;3;41090;U16;134_Hz_SF;134_4_Hz13;;1;0;Hz;0
908;3;41091;I16;134_W_SF;134_4_W13;;1;0;% WRef;0
909;3;41092;U16;134_Hz_SF;134_4_Hz14;;1;0;Hz;0
910;3;41093;I16;134_W_SF;134_4_W14;;1;0;% WRef;0
911;3;41094;U16;134_Hz_SF;134_4_Hz15;;1;0;Hz;0
912;3;41095;I16;134_W_SF;134_4_W15;;1;0;% WRef;0
913;3;41096;U16;134_Hz_SF;134_4_Hz16;;1;0;Hz;0
914;3;41097;I16;134_W_SF;134_4_W16;;1;0;% WRef;0
915;3;41098;U16;134_Hz_SF;134_4_Hz17;;1;0;Hz;0
916;3;41099;I16;134_W_SF;134_4_W17;;1;0;% WRef;0
917;3;41100;U16;134_Hz_SF;134_4_Hz18;;1;0;Hz;0
918;3;41101;I16;134_W_SF;134_4_W18;;1;0;% WRef;0
919;3;41102;U16;134_Hz_SF;134_4_Hz19;;1;0;Hz;0
920;3;41103;I16;134_W_SF;134_4_W19;;1;0;% WRef;0
921;3;41104;U16;134_Hz_SF;134_4_Hz20;;1;0;Hz;0
922;3;41105;I16;134_W_SF;134_4_W20;;1;0;% WRef;0
923;3;41106;STRING;;134_4_CrvNam;;1;0;;0
924;3;41114;U16;;134_4_RmpPT1Tms;;1;0;Secs;0
925;3;41115;U16;134_RmpIncDec_SF;134_4_RmpDecTmm;;1;0;% WMax/min;0
926;3;41116;U16;134_RmpIncDec_SF;134_4_RmpIncTmm;;1;0;% WMax/min;0
927;3;41117;U16;134_RmpIncDec_SF;134_4_RmpRsUp;;1;0;% WMax/min;0
928;3;41118;U16;;134_4_SnptW;;1;0;;0
929;3;41119;U16;134_W_SF;134_4_WRef;;1;0;W;0
930;3;41120;U16;134_Hz_SF;134_4_WRefStrHz;;1;0;Hz;0
931;3;41121;U16;134_Hz_SF;134_4_WRefStopHz;;1;0;Hz;0
932;3;41122;U16;;134_4_ReadOnly;;1;0;;0
933;3;41123;U16;;134_5_ActPt;;1;0;;0
934;3;41124;U16;134_Hz_SF;134_5_Hz1;;1;0;Hz;0
935;3;41125;I16;134_W_SF;134_5_W1;;1;0;% WRef;0
936;3;41126;U16;134_Hz_SF;134_5_Hz2;;1;0;Hz;0
937;3;41127;I16;134_W_SF;134_5_W2;;1;0;% WRef;0
938;3;41128;U16;134_Hz_SF;134_5_Hz3;;1;0;Hz;0
939;3;41129;I16;134_W_SF;134_5_W3;;1;0;% WRef;0
940;3;41130;U16;134_Hz_SF;134_5_Hz4;;1;0;Hz;0
941;3;41131;I16;134_W_SF;134_5_W4;;1;0;% WRef;0
942;3;41132;U16;134_Hz_SF;134_5_Hz5;;1;0;Hz;0
943;3;41133;I16;134_W_SF;134_5_W5;;1;0;% WRef;0
944;3;41134;U16;134_Hz_SF;134_5_Hz6;;1;0;Hz;0
945;3;41135;I16;134_W_SF;134_5_W6;;1;0;% WRef;0
946;3;41136;U16;134_Hz_SF;134_5_Hz7;;1;0;Hz;0
947;3;41137;I16;134_W_SF;134_5_W7;;1;0;% WRef;0
948;3;41138;U16;134_Hz_SF;134_5_Hz8;;1;0;Hz;0
949;3;41139;I16;134_W_SF;134_5_W8;;1;0;% WRef;0
950;3;41140;U16;134_Hz_SF;134_5_Hz9;;1;0;Hz;0
951;3;41141;I16;134_W_SF;134_5_W9;;1;0;% WRef;0
952;3;41142;U16;134_Hz_SF;134_5_Hz10;;1;0;Hz;0
953;3;41143;I16;134_W_SF;134_5_W10;;1;0;% WRef;0
954;3;41144;U16;134_Hz_SF;134_5_Hz11;;1;0;Hz;0
955;3;41145;I16;134_W_SF;134_5_W11;;1;0;% WRef;0
956;3;41146;U16;134_Hz_SF;134_5_Hz12;;1;0;Hz;0
957;3;41147;I16;134_W_SF;134_5_W12;;1;0;% WRef;0
958;3;41148;U16;134_Hz_SF;134_5_Hz13;;1;0;Hz;0
959;3;41149;I16;134_W_SF;134_5_W13;;1;0;% WRef;0
960;3;41150;U16;134_Hz_SF;134_5_Hz14;;1;0;Hz;0
961;3;41151;I16;134_W_SF;134_5_W14;;1;0;% WRef;0
962;3;41152;U16;134_Hz_SF;134_5_Hz15;;1;0;Hz;0
963;3;41153;I16;134_W_SF;134_5_W15;;1;0;% WRef;0
964;3;41154;U16;134_Hz_SF;134_5_Hz16;;1;0;Hz;0
965;3;41155;I16;134_W_SF;134_5_W16;;1;0;% WRef;0
966;3;41156;U16;134_Hz_SF;134_5_Hz17;;1;0;Hz;0
967;3;41157;I16;134_W_SF;134_5_W17;;1;0;% WRef;0
968;3;41158;U16;134_Hz_SF;134_5_Hz18;;1;0;Hz;0
969;3;41159;I16;134_W_SF;134_5_W18;;1;0;% WRef;0
970;3;41160;U16;134_Hz_SF;134_5_Hz19;;1;0;Hz;0
971;3;41161;I16;134_W_SF;134_5_W19;;1;0;% WRef;0
972;3;41162;U16;134_Hz_SF;134_5_Hz20;;1;0;Hz;0
973;3;41163;I16;134_W_SF;134_5_W20;;1;0;% WRef;0
974;3;41164;STRING;;134_5_CrvNam;;1;0;;0
975;3;41172;U16;;134_5_RmpPT1Tms;;1;0;Secs;0
976;3;41173;U16;134_RmpIncDec_SF;134_5_RmpDecTmm;;1;0;% WMax/min;0
977;3;41174;U16;134_RmpIncDec_SF;134_5_RmpIncTmm;;1;0;% WMax/min;0
978;3;41175;U16;134_RmpIncDec_SF;134_5_RmpRsUp;;1;0;% WMax/min;0
979;3;41176;U16;;134_5_SnptW;;1;0;;0
980;3;41177;U16;134_W_SF;134_5_WRef;;1;0;W;0
981;3;41178;U16;134_Hz_SF;134_5_WRefStrHz;;1;0;Hz;0
982;3;41179;U16;134_Hz_SF;134_5_WRefStopHz;;1;0;Hz;0
983;3;41180;U16;;134_5_ReadOnly;;1;0;;0
984;3;41181;I16;;135_tableId;;1;0;;0
985;3;41182;I16;;135_tableSize;;1;0;;0
986;3;41183;U16;;135_ActCrv;;1;0;;0
987;3;41184;U16;;135_ModEna;;1;0;;0
988;3;41185;U16;;135_WinTms;;1;0;Secs;0
989;3;41186;U16;;135_RvrtTms;;1;0;Secs;0
990;3;41187;U16;;135_RmpTms;;1;0;Secs;0
991;3;41188;U16;;135_NCrv;;1;0;;0
992;3;41189;U16;;135_NPt;;1;0;;0
993;3;41190;I16;;135_Tms_SF;;1;0;;0
994;3;41191;I16;;135_Hz_SF;;1;0;;0
996;3;41193;U16;;135_0_ActPt;;1;0;;0
997;3;41194;U16;135_Tms_SF;135_0_Tms1;;1;0;Secs;0
998;3;41195;U16;135_Hz_SF;135_0_Hz1;;1;0;Hz;0
999;3;41196;U16;135_Tms_SF;135_0_Tms2;;1;0;Secs;0
1000;3;41197;U16;135_Hz_SF;135_0_Hz2;;1;0;Hz;0
1001;3;41198;U16;135_Tms_SF;135_0_Tms3;;1;0;Secs;0
1002;3;41199;U16;135_Hz_SF;135_0_Hz3;;1;0;Hz;0
1003;3;41200;U16;135_Tms_SF;135_0_Tms4;;1;0;Secs;0
1004;3;41201;U16;135_Hz_SF;135_0_Hz4;;1;0;Hz;0
1005;3;41202;U16;135_Tms_SF;135_0_Tms5;;1;0;Secs;0
1006;3;41203;U16;135_Hz_SF;135_0_Hz5;;1;0;Hz;0
1007;3;41204;U16;135_Tms_SF;135_0_Tms6;;1;0;Secs;0
1008;3;41205;U16;135_Hz_SF;135_0_Hz6;;1;0;Hz;0
1009;3;41206;U16;135_Tms_SF;135_0_Tms7;;1;0;Secs;0
1010;3;41207;U16;135_Hz_SF;135_0_Hz7;;1;0;Hz;0
1011;3;41208;U16;135_Tms_SF;135_0_Tms8;;1;0;Secs;0
1012;3;41209;U16;135_Hz_SF;135_0_Hz8;;1;0;Hz;0
1013;3;41210;U16;135_Tms_SF;135_0_Tms9;;1;0;Secs;0
1014;3;41211;U16;135_Hz_SF;135_0_Hz9;;1;0;Hz;0
1015;3;41212;U16;135_Tms_SF;135_0_Tms10;;1;0;Secs;0
1016;3;41213;U16;135_Hz_SF;135_0_Hz10;;1;0;Hz;0
1017;3;41214;U16;135_Tms_SF;135_0_Tms11;;1;0;Secs;0
1018;3;41215;U16;135_Hz_SF;135_0_Hz11;;1;0;Hz;0
1019;3;41216;U16;135_Tms_SF;135_0_Tms12;;1;0;Secs;0
1020;3;41217;U16;135_Hz_SF;135_0_Hz12;;1;0;Hz;0
1021;3;41218;U16;135_Tms_SF;135_0_Tms13;;1;0;Secs;0
1022;3;41219;U16;135_Hz_SF;135_0_Hz13;;1;0;Hz;0
1023;3;41220;U16;135_Tms_SF;135_0_Tms14;;1;0;Secs;0
1024;3;41221;U16;135_Hz_SF;135_0_Hz14;;1;0;Hz;0
1025;3;41222;U16;135_Tms_SF;135_0_Tms15;;1;0;Secs;0
1026;3;41223;U16;135_Hz_SF;135_0_Hz15;;1;0;Hz;0
1027;3;41224;U16;135_Tms_SF;135_0_Tms16;;1;0;Secs;0
1028;3;41225;U16;135_Hz_SF;135_0_Hz16;;1;0;Hz;0
1029;3;41226;U16;135_Tms_SF;135_0_Tms17;;1;0;Secs;0
1030;3;41227;U16;135_Hz_SF;135_0_Hz17;;1;0;Hz;0
1031;3;41228;U16;135_Tms_SF;135_0_Tms18;;1;0;Secs;0
1032;3;41229;U16;135_Hz_SF;135_0_Hz18;;1;0;Hz;0
1033;3;41230;U16;135_Tms_SF;135_0_Tms19;;1;0;Secs;0
1034;3;41231;U16;135_Hz_SF;135_0_Hz19;;1;0;Hz;0
1035;3;41232;U16;135_Tms_SF;135_0_Tms20;;1;0;Secs;0
1036;3;41233;U16;135_Hz_SF;135_0_Hz20;;1;0;Hz;0
1037;3;41234;STRING;;135_0_CrvNam;;1;0;;0
1038;3;41242;U16;;135_0_ReadOnly;;1;0;;0
1039;3;41243;I16;;136_tableId;;1;0;;0
1040;3;41244;I16;;136_tableSize;;1;0;;0
1041;3;41245;U16;;136_ActCrv;;1;0;;0
1042;3;41246;U16;;136_ModEna;;1;0;;0
1043;3;41247;U16;;136_WinTms;;1;0;Secs;0
1044;3;41248;U16;;136_RvrtTms;;1;0;Secs;0
1045;3;41249;U16;;136_RmpTms;;1;0;Secs;0
1046;3;41250;U16;;136_NCrv;;1;0;;0
1047;3;41251;U16;;136_NPt;;1;0;;0
1048;3;41252;I16;;136_Tms_SF;;1;0;;0
1049;3;41253;I16;;136_Hz_SF;;1;0;;0
1051;3;41255;U16;;136_0_ActPt;;1;0;;0
1052;3;41256;U16;136_Tms_SF;136_0_Tms1;;1;0;Secs;0
1053;3;41257;U16;136_Hz_SF;136_0_Hz1;;1;0;Hz;0
1054;3;41258;U16;136_Tms_SF;136_0_Tms2;;1;0;Secs;0
1055;3;41259;U16;136_Hz_SF;136_0_Hz2;;1;0;Hz;0
1056;3;41260;U16;136_Tms_SF;136_0_Tms3;;1;0;Secs;0
1057;3;41261;U16;136_Hz_SF;136_0_Hz3;;1;0;Hz;0
1058;3;41262;U16;136_Tms_SF;136_0_Tms4;;1;0;Secs;0
1059;3;41263;U16;136_Hz_SF;136_0_Hz4;;1;0;Hz;0
1060;3;41264;U16;136_Tms_SF;136_0_Tms5;;1;0;Secs;0
1061;3;41265;U16;136_Hz_SF;136_0_Hz5;;1;0;Hz;0
1062;3;41266;U16;136_Tms_SF;136_0_Tms6;;1;0;Secs;0
1063;3;41267;U16;136_Hz_SF;136_0_Hz6;;1;0;Hz;0
1064;3;41268;U16;136_Tms_SF;136_0_Tms7;;1;0;Secs;0
1065;3;41269;U16;136_Hz_SF;136_0_Hz7;;1;0;Hz;0
1066;3;41270;U16;136_Tms_SF;136_0_Tms8;;1;0;Secs;0
1067;3;41271;U16;136_Hz_SF;136_0_Hz8;;1;0;Hz;0
1068;3;41272;U16;136_Tms_SF;136_0_Tms9;;1;0;Secs;0
1069;3;41273;U16;136_Hz_SF;136_0_Hz9;;1;0;Hz;0
1070;3;41274;U16;136_Tms_SF;136_0_Tms10;;1;0;Secs;0
1071;3;41275;U16;136_Hz_SF;136_0_Hz10;;1;0;Hz;0
1072;3;41276;U16;136_Tms_SF;136_0_Tms11;;1;0;Secs;0
1073;3;41277;U16;136_Hz_SF;136_0_Hz11;;1;0;Hz;0
1074;3;41278;U16;136_Tms_SF;136_0_Tms12;;1;0;Secs;0
1075;3;41279;U16;136_Hz_SF;136_0_Hz12;;1;0;Hz;0
1076;3;41280;U16;136_Tms_SF;136_0_Tms13;;1;0;Secs;0
1077;3;41281;U16;136_Hz_SF;136_0_Hz13;;1;0;Hz;0
1078;3;41282;U16;136_Tms_SF;136_0_Tms14;;1;0;Secs;0
1079;3;41283;U16;136_Hz_SF;136_0_Hz14;;1;0;Hz;0
1080;3;41284;U16;136_Tms_SF;136_0_Tms15;;1;0;Secs;0
1081;3;41285;U16;136_Hz_SF;136_0_Hz15;;1;0;Hz;0
1082;3;41286;U16;136_Tms_SF;136_0_Tms16;;1;0;Secs;0
1083;3;41287;U16;136_Hz_SF;136_0_Hz16;;1;0;Hz;0
1084;3;41288;U16;136_Tms_SF;136_0_Tms17;;1;0;Secs;0
1085;3;41289;U16;136_Hz_SF;136_0_Hz17;;1;0;Hz;0
1086;3;41290;U16;136_Tms_SF;136_0_Tms18;;1;0;Secs;0
1087;3;41291;U16;136_Hz_SF;136_0_Hz18;;1;0;Hz;0
1088;3;41292;U16;136_Tms_SF;136_0_Tms19;;1;0;Secs;0
1089;3;41293;U16;136_Hz_SF;136_0_Hz19;;1;0;Hz;0
1090;3;41294;U16;136_Tms_SF;136_0_Tms20;;1;0;Secs;0
1091;3;41295;U16;136_Hz_SF;136_0_Hz20;;1;0;Hz;0
1092;3;41296;STRING;;136_0_CrvNam;;1;0;;0
1093;3;41304;U16;;136_0_ReadOnly;;1;0;;0
1094;3;41305;I16;;160_tableId;;1;0;;0
1095;3;41306;I16;;160_tableSize;;1;0;;0
1096;3;41307;I16;;160_DCA_SF;;1;0;;4
1097;3;41308;I16;;160_DCV_SF;;1;0;;4
1098;3;41309;I16;;160_DCW_SF;;1;0;;4
1099;3;41310;I16;;160_DCWH_SF;;1;0;;0
1100;3;41311;U32;;160_Evt;;1;0;;0
1101;3;41313;U32;;160_N;;1;0;;0
1102;3;41314;U16;;160_TmsPer;;1;0;;0
1103;3;41315;U16;;160_0_ID;;1;0;;0
1104;3;41316;STRING;;160_0_IDStr;;1;0;;0
1105;3;41324;U16;160_DCA_SF;0_DCA;;1;0;A;4
1106;3;41325;U16;160_DCV_SF;0_DCV;;1;0;V;4
1107;3;41326;U16;160_DCW_SF;0_DCW;;1;0;W;4
1108;3;41328;U32;160_DCWH_SF;160_0_DCWH;;1;0;Wh;0
1109;3;41330;U32;;160_0_Tms;;1;0;Secs;0
1110;3;41331;I16;;160_0_Tmp;;1;0;C;0
1111;3;41332;U16;;160_0_DCSt;;1;0;;0
1112;3;41334;U32;;160_0_DCEvt;;1;0;;0
1113;3;41335;U16;;160_1_ID;;1;0;;0
1114;3;41336;STRING;;160_1_IDStr;;1;0;;0
1115;3;41344;U16;160_DCA_SF;1_DCA;;1;0;A;4
1116;3;41345;U16;160_DCV_SF;1_DCV;;1;0;V;4
1117;3;41346;U16;160_DCW_SF;1_DCW;;1;0;W;4
1118;3;41347;U32;160_DCWH_SF;160_1_DCWH;;1;0;Wh;0
1119;3;41349;U32;;160_1_Tms;;1;0;Secs;0
1120;3;41351;I16;;160_1_Tmp;;1;0;C;0
1121;3;41352;U16;;160_1_DCSt;;1;0;;0
1122;3;41353;U32;;160_1_DCEvt;;1;0;;0
1123;3;41355;U16;;160_2_ID;;1;0;;0
1124;3;41356;STRING;;160_2_IDStr;;1;0;;0
1125;3;41364;U16;160_DCA_SF;2_DCA;;1;0;A;4
1126;3;41365;U16;160_DCV_SF;2_DCV;;1;0;V;4
1127;3;41366;U16;160_DCW_SF;2_DCW;;1;0;W;4
1128;3;41367;U32;160_DCWH_SF;160_2_DCWH;;1;0;Wh;0
1129;3;41369;U32;;160_2_Tms;;1;0;Secs;0
1130;3;41371;I16;;160_2_Tmp;;1;0;C;0
1131;3;41372;U16;;160_2_DCSt;;1;0;;0
1132;3;41373;U32;;160_2_DCEvt;;1;0;;0
1133;3;41375;U16;;160_3_ID;;1;0;;0
1134;3;41376;STRING;;160_3_IDStr;;1;0;;0
1135;3;41384;U16;160_DCA_SF;3_DCA;;1;0;A;4
1136;3;41385;U16;160_DCV_SF;3_DCV;;1;0;V;4
1137;3;41386;U16;160_DCW_SF;3_DCW;;1;0;W;4
1138;3;41387;U32;160_DCWH_SF;160_3_DCWH;;1;0;Wh;0
1139;3;41389;U32;;160_3_Tms;;1;0;Secs;0
1140;3;41391;I16;;160_3_Tmp;;1;0;C;0
1141;3;41392;U16;;160_3_DCSt;;1;0;;0
1142;3;41393;U32;;160_3_DCEvt;;1;0;;0
1143;3;41395;U16;;160_4_ID;;1;0;;0
1144;3;41396;STRING;;160_4_IDStr;;1;0;;0
1145;3;41404;U16;160_DCA_SF;4_DCA;;1;0;A;4
1146;3;41405;U16;160_DCV_SF;4_DCV;;1;0;V;4
1147;3;41406;U16;160_DCW_SF;4_DCW;;1;0;W;4
1148;3;41407;U32;160_DCWH_SF;160_4_DCWH;;1;0;Wh;0
1149;3;41409;U32;;160_4_Tms;;1;0;Secs;0
1150;3;41411;I16;;160_4_Tmp;;1;0;C;0
1151;3;41412;U16;;160_4_DCSt;;1;0;;0
1152;3;41413;U32;;160_4_DCEvt;;1;0;;0
1153;3;41415;U16;;160_5_ID;;1;0;;0
1154;3;41416;STRING;;160_5_IDStr;;1;0;;0
1155;3;41424;U16;160_DCA_SF;5_DCA;;1;0;A;4
1156;3;41425;U16;160_DCV_SF;5_DCV;;1;0;V;4
1157;3;41426;U16;160_DCW_SF;5_DCW;;1;0;W;4
1158;3;41427;U32;160_DCWH_SF;160_5_DCWH;;1;0;Wh;0
1159;3;41429;U32;;160_5_Tms;;1;0;Secs;0
1160;3;41431;I16;;160_5_Tmp;;1;0;C;0
1161;3;41432;U16;;160_5_DCSt;;1;0;;0
1162;3;41433;U32;;160_5_DCEvt;;1;0;;0
1163;3;41435;U16;;160_6_ID;;1;0;;0
1164;3;41436;STRING;;160_6_IDStr;;1;0;;0
1165;3;41444;U16;160_DCA_SF;6_DCA;;1;0;A;4
1166;3;41445;U16;160_DCV_SF;6_DCV;;1;0;V;4
1167;3;41446;U16;160_DCW_SF;6_DCW;;1;0;W;4
1168;3;41447;U32;160_DCWH_SF;160_6_DCWH;;1;0;Wh;0
1169;3;41449;U32;;160_6_Tms;;1;0;Secs;0
1170;3;41451;I16;;160_6_Tmp;;1;0;C;0
1171;3;41452;U16;;160_6_DCSt;;1;0;;0
1172;3;41453;U32;;160_6_DCEvt;;1;0;;0
1173;3;41455;U16;;160_7_ID;;1;0;;0
1174;3;41456;STRING;;160_7_IDStr;;1;0;;0
1175;3;41464;U16;160_DCA_SF;7_DCA;;1;0;A;4
1176;3;41465;U16;160_DCV_SF;7_DCV;;1;0;V;4
1177;3;41466;U16;160_DCW_SF;7_DCW;;1;0;W;4
1178;3;41467;U32;160_DCWH_SF;160_7_DCWH;;1;0;Wh;0
1179;3;41469;U32;;160_7_Tms;;1;0;Secs;0
1180;3;41471;I16;;160_7_Tmp;;1;0;C;0
1181;3;41472;U16;;160_7_DCSt;;1;0;;0
1182;3;41473;U32;;160_7_DCEvt;;1;0;;0
1183;3;41475;U16;;160_8_ID;;1;0;;0
1184;3;41476;STRING;;160_8_IDStr;;1;0;;0
1185;3;41484;U16;160_DCA_SF;8_DCA;;1;0;A;4
1186;3;41485;U16;160_DCV_SF;8_DCV;;1;0;V;4
1187;3;41486;U16;160_DCW_SF;8_DCW;;1;0;W;4
1188;3;41487;U32;160_DCWH_SF;160_8_DCWH;;1;0;Wh;0
1189;3;41489;U32;;160_8_Tms;;1;0;Secs;0
1190;3;41491;I16;;160_8_Tmp;;1;0;C;0
1191;3;41492;U16;;160_8_DCSt;;1;0;;0
1192;3;41493;U32;;160_8_DCEvt;;1;0;;0
1193;3;41495;U16;;160_9_ID;;1;0;;0
1194;3;41496;STRING;;160_9_IDStr;;1;0;;0
1195;3;41504;U16;160_DCA_SF;9_DCA;;1;0;A;4
1196;3;41505;U16;160_DCV_SF;9_DCV;;1;0;V;4
1197;3;41506;U16;160_DCW_SF;9_DCW;;1;0;W;4
1198;3;41507;U32;160_DCWH_SF;160_9_DCWH;;1;0;Wh;0
1199;3;41509;U32;;160_9_Tms;;1;0;Secs;0
1200;3;41511;I16;;160_9_Tmp;;1;0;C;0
1201;3;41512;U16;;160_9_DCSt;;1;0;;0
1202;3;41513;U32;;160_9_DCEvt;;1;0;;0
1203;3;41515;U16;;160_10_ID;;1;0;;0
1204;3;41516;STRING;;160_10_IDStr;;1;0;;0
1205;3;41524;U16;160_DCA_SF;10_DCA;;1;0;A;4
1206;3;41525;U16;160_DCV_SF;10_DCV;;1;0;V;4
1207;3;41526;U16;160_DCW_SF;10_DCW;;1;0;W;4
1208;3;41527;U32;160_DCWH_SF;160_10_DCWH;;1;0;Wh;0
1209;3;41529;U32;;160_10_Tms;;1;0;Secs;0
1210;3;41531;I16;;160_10_Tmp;;1;0;C;0
1211;3;41532;U16;;160_10_DCSt;;1;0;;0
1212;3;41533;U32;;160_10_DCEvt;;1;0;;0
1213;3;41535;U16;;160_11_ID;;1;0;;0
1214;3;41536;STRING;;160_11_IDStr;;1;0;;0
1215;3;41544;U16;160_DCA_SF;11_DCA;;1;0;A;4
1216;3;41545;U16;160_DCV_SF;11_DCV;;1;0;V;4
1217;3;41546;U16;160_DCW_SF;11_DCW;;1;0;W;4
1218;3;41547;U32;160_DCWH_SF;160_11_DCWH;;1;0;Wh;0
1219;3;41549;U32;;160_11_Tms;;1;0;Secs;0
1220;3;41551;I16;;160_11_Tmp;;1;0;C;0
1221;3;41552;U16;;160_11_DCSt;;1;0;;0
1222;3;41553;U32;;160_11_DCEvt;;1;0;;0
