ModbusRTU;Meter;Carlo Gavazzi;EM300-ET300;;;;;;;
1;3;0;I32;;V L1-N ;;0.1;0.0;V;4
2;3;2;I32;;V L2-N ;;0.1;0.0;V;4
3;3;4;I32;;V L3-N ;;0.1;0.0;V;4
4;3;6;I32;;V L1-L2 ;;0.1;0.0;V;4
5;3;8;I32;;V L2-L3 ;;0.1;0.0;V;4
6;3;10;I32;;V L3-L1 ;;0.1;0.0;V;4
7;3;12;I32;;A L1;;0.001;0.0;A;4
8;3;14;I32;;A L2 ;;0.001;0.0;A;4
9;3;16;I32;;A L3 ;;0.001;0.0;A;4
10;3;18;I32;;kW L1;;0.1;0.0;W;4
11;3;20;I32;;kW L2;;0.1;0.0;W;4
12;3;22;I32;;kW L3;;0.1;0.0;W;4
13;3;24;I32;;kVA L1;;0.1;0.0;VA;4
14;3;26;I32;;kVA L2;;0.1;0.0;VA;4
15;3;28;I32;;kVA L3;;0.1;0.0;W;4
16;3;30;I32;;kvar L1;;0.1;0.0;var;4
17;3;32;I32;;kvar L2;;0.1;0.0;var;4
18;3;34;I32;;kvar L3;;0.1;0.0;var;4
19;3;36;I32;;V L-N sys;;0.1;0.0;V;4
20;3;38;I32;;V L-L sys;;0.1;0.0;V;4
21;3;40;I32;;kW sys ;;0.1;0.0;W;4
22;3;42;I32;;kVA sys ;;0.1;0.0;VA;4
23;3;44;I32;;kvar sys;;0.1;0.0;var;4
24;3;46;I16;;PF L1;;0.1;0.0;F;4
25;3;47;I16;;PF L2;;0.1;0.0;F;4
26;3;48;I16;;PF L3;;0.1;0.0;F;4
27;3;49;I16;;PF sys;;0.1;0.0;F;4
28;3;50;I16;;Phase sequence;;1;0.0;phase;4
29;3;51;I16;;Hz;;0.1;0.0;Hz;4
30;3;52;I32;;kWh (+) TOT;;0.1;0.0;KWh;4
31;3;54;I32;;Kvarh (+) TOT;;0.1;0.0;Kvarh;4
32;3;56;I32;;kW dmd;;0.1;0.0;W;4
33;3;58;I32;;kW dmd peak;;0.1;0.0;Kw;4
34;3;60;I32;;kWh (+) PARTIAL;;0.1;0.0;Kwh;4
35;3;62;I32;;Kvarh (+) PARTIAL;;0.1;0.0;Kvarh;4
36;3;64;I32;;kWh (+) L1;;0.1;0.0;Kwh;4
37;3;66;I32;;kWh (+) L2;;0.1;0.0;Kwh;4
38;3;68;I32;;kWh (+) L3;;0.1;0.0;Kwh;4
39;3;70;I32;;kWh (+) t1;;0.1;0.0;Kwh;4
40;3;72;I32;;kWh (+) t2;;0.1;0.0;Kwh;4
41;3;74;I32;;kWh (+) t3;;0.1;0.0;Kwh;0
42;3;76;I32;;kWh (+) t4;;0.1;0.0;Kwh;0
43;3;78;I32;;kWh (-) TOT;;0.1;0.0;Kwh;4
44;3;80;I32;;kvarh (-) TOT;;0.1;0.0;Kvarh;4
45;3;82;I32;;kWh (-) PARTIAL;;1;0.0;Kwh;0
46;3;84;I32;;Kvarh (-) PARTIAL;;1;0.0;Kvarh;0
47;3;86;I32;;kVAh TOT;;1;0.0;VAh;0
48;3;88;I32;;kVAh PARTIAL;;1;0.0;VAh;0
49;3;90;I32;;An;;1;0.0;An;4
50;3;90;I32;;Hour meter;;1;0.0;hour;4
51;3;92;I32;;Hour meter kWh (-);;1;0.0;Hour;0
52;3;94;I32;;n.a.;;1;0.0;N;0
53;3;96;I32;;kWh (-) L1;;0.1;0.0;Kwh;4
54;3;98;I32;;kWh (-) L2;;0.1;0.0;Kwh;4
55;3;100;I32;;kWh (-) L3;;0.1;0.0;Kwh;4
56;3;102;I32;;kWh (+) t5;;1;0.0;Kwh;0
57;3;104;I32;;kWh (+) t6;;1;0.0;Kwh;0
58;3;106;I32;;kWh (+) t7;;1;0.0;Kwh;0
59;3;108;I32;;kWh (+) t8;;1;0.0;Kwh;0
60;3;110;I32;;n.a.;;1;0.0;N;0
61;3;112;I32;;n.a.;;1;0.0;N;0
62;3;114;I32;;n.a.;;1;0.0;N;0
63;3;116;I32;;n.a.;;1;0.0;N;0
64;3;118;I32;;n.a.;;1;0.0;N;0
65;3;120;I32;;n.a.;;1;0.0;N;0
66;3;122;I32;;n.a.;;1;0.0;N;0
67;3;124;I32;;n.a.;;1;0.0;N;4
68;3;126;I32;;n.a.;;1;0.0;N;0
69;3;128;I32;;n.a.;;1;0.0;N;0
70;3;130;I32;;THD A L1;;0.01;0.0;Thd;4
71;3;132;I32;;THD A L2;;0.01;0.0;Thd;4
72;3;134;I32;;THD A L3;;0.01;0.0;Thd;4
73;3;136;I32;;THD V L-N sys;;0.01;0.0;Thd;4
74;3;138;I32;;THD V L1-N;;0.01;0.0;Thd;4
75;3;140;I32;;THD V L2-N;;0.01;0.0;Thd;4
76;3;142;I32;;THD V L3-N;;0.01;0.0;Thd;4
77;3;144;I32;;THD V L-L sys;;1;0.0;Thd;0
78;3;146;I32;;THD V L1-L2;;1;0.0;Thd;0
79;3;148;I32;;THD V L2-L3;;1;0.0;Thd;0
80;3;150;I32;;THD V L3-L1;;1;0.0;Thd;0
81;3;152;I32;;An_1;;1;0.0;A;4
82;3;248;I32;;An _2;;0.001;0.0;A;4
83;3;254;I32;;Run hour meter;;0.01;0.0;Hour;4
84;3;258;I32;;V L-N sys;;0.1;0.0;V;4
85;3;260;I32;;V L-L sys;;0.1;0.0;V;4
86;3;262;I32;;W sys;;0.1;0.0;W;4
87;3;264;I32;;VA sys;;0.1;0.0;VA;4
88;3;266;I32;;var sys;;0.1;0.0;var;4
89;3;268;I32;;PF sys;;0.001;0.0;;4
90;3;270;I32;;Phase sequence;;1;0.0;phase;4
91;3;272;I32;;Hz;;0.1;0.0;Hz;4
92;3;274;I32;;kWh (+) TOT;;0.1;0.0;kWh;4
93;3;276;I32;;Kvarh (+) TOT;;0.1;0.0;kvarh;4
94;3;278;I32;;kWh (-) TOT;;0.1;0.0;kWh;4
95;3;280;I32;;kvarh (-) TOT;;0.1;0.0;kvarh;4
96;3;282;I32;;W dmd;;0.1;0.0;W;4
97;3;284;I32;;W dmd peak;;0.1;0.0;W;4
98;3;286;I32;;V L1-L2;;0.1;0.0;V;4
99;3;288;I32;;V L1-N;;0.1;0.0;V;4
100;3;290;I32;;A L1;;0.001;0.0;A;4
101;3;292;I32;;W L1;;0.1;0.0;W;4
102;3;294;I32;;VA L1;;0.1;0.0;VA;4
103;3;296;I32;;var L1;;0.1;0.0;var;4
104;3;298;I32;;PF L1;;0.001;0.0;;4
105;3;300;I32;;V L2-L3;;0.1;0.0;V;4
106;3;302;I32;;V L2-N;;0.1;0.0;V;4
107;3;304;I32;;A L2;;0.001;0.0;A;4
108;3;306;I32;;W L2;;0.1;0.0;W;4
109;3;308;I32;;VA L2;;0.1;0.0;VA;4
110;3;310;I32;;var L2;;0.1;0.0;var;4
111;3;312;I32;;PF L2;;0.001;0.0;;4
112;3;314;I32;;V L3-L1;;0.1;0.0;V;4
113;3;316;I32;;V L3-N;;0.1;0.0;V;4
114;3;318;I32;;A L3;;0.001;0.0;A;4
115;3;320;I32;;W L3;;0.1;0.0;W;4
116;3;322;I32;;VA L3;;0.1;0.0;VA;4
117;3;324;I32;;var L3;;0.1;0.0;var;4
118;3;326;I32;;PF L3;;0.001;0.0;;4
119;3;328;I32;;kWh (+) PARTIAL;;0.1;0.0;kWh;4
120;3;330;I32;;Kvarh (+) PARTIAL;;0.1;0.0;kvarh;4
121;3;332;I32;;kWh (+) L1;;0.1;0.0;kWh;4
122;3;334;I32;;kWh (+) L2;;0.1;0.0;kWh;4
123;3;336;I32;;kWh (+) L3;;0.1;0.0;kWh;4
124;3;338;I32;;kWh (+) t1;;0.1;0.0;kWh;4
125;3;340;I32;;kWh (+) t2;;0.1;0.0;kWh;4
126;3;342;I32;;kWh (-) L1;;0.1;0.0;kWh;4
127;3;344;I32;;kWh (-) L2;;0.1;0.0;kWh;4
128;3;346;I32;;kWh (-) L3;;0.1;0.0;kWh;4
129;3;1024;I32;;kWh (+) TOT – INTeger part;;1;0.0;kWh;4
130;3;1026;I32;;kWh (+) TOT – DECimal part;;0.001;0.0;kWh;4
131;3;1028;I32;;kvarh (+) TOT – INTeger part;;1;0.0;kvarh;4
132;3;1030;I32;;kvarh (+) TOT – DECimal part;;0.001;0.0;kvarh;4
133;3;1032;I32;;kWh (-) TOT – INTeger part;;1;0.0;kWh;4
134;3;1034;I32;;kWh (-) TOT – DECimal part;;0.001;0.0;kWh;4
135;3;1036;I32;;kvarh (-) TOT – INTeger part;;1;0.0;kvarh;4
136;3;1038;I32;;kvarh (-) TOT – DECimal part;;0.001;0.0;kvarh;4
137;3;1280;I64;;kWh (+) TOT_1;;1;0.0;kWh;4
138;3;1284;I64;;Kvarh (+) TOT_1;;1;0.0;kvarh;4
139;3;1288;I64;;kWh (+) Partial_1;;1;0.0;kWh;4
140;3;1292;I64;;Kvarh (+) Partial_1;;1;0.0;kvarh;4
141;3;1296;I64;;kWh (+) L1_1;;1;0.0;kWh;4
142;3;1300;I64;;kWh (+) L2_1;;1;0.0;kWh;4
143;3;1304;I64;;kWh (+) L3_1;;1;0.0;kWh;4
144;3;1308;I64;;kWh (-) TOT_1;;1;0.0;kWh;4
145;3;1312;I64;;kWh (-) Partial_1;;1;0.0;kWh;4
146;3;1316;I64;;kvarh (-) TOT_1;;1;0.0;kvarh;4
147;3;1320;I64;;kvarh (-) Partial_1;;1;0.0;kvarh;4
