modbusRTU;Meter;Acrel;DTSD1352;;;;;;;
1;3;0;U32;;Current total active energy;;0.01;0;kWh;4
2;3;2;U32;;Current spike total active energy;;0.01;0;kWh;4
3;3;4;U32;;Current peak total active energy;;0.01;0;kWh;4
4;3;6;U32;;Current flat total active energy;;0.01;0;kWh;4
5;3;8;U32;;Current valley total active energy;;0.01;0;kWh;4
6;3;10;U32;;Current forward active total energy;;0.01;0;kWh;4
7;3;12;U32;;Current forward active spike energy;;0.01;0;kWh;4
8;3;14;U32;;Current forward active peak energy;;0.01;0;kWh;4
9;3;16;U32;;Current forward active flat energy;;0.01;0;kWh;4
10;3;18;U32;;Current forward active valley energy;;0.01;0;kWh;4
11;3;20;U32;;Current reversing active total energy;;0.01;0;kWh;4
12;3;30;U32;;Current total reactive energy;;0.01;0;kvarh;4
13;3;32;U32;;Current total reactive spike energy;;0.01;0;kvarh;4
14;3;34;U32;;Current total reactive peak energy;;0.01;0;kvarh;4
15;3;36;U32;;Current total reactive flat energy;;0.01;0;kvarh;4
16;3;38;U32;;Current total reactive valley energy;;0.01;0;kvarh;4
17;3;40;U32;;Current forward reactive total energy;;0.01;0;kvarh;4
18;3;42;U32;;Current forward reactive spike energy;;0.01;0;kvarh;4
19;3;44;U32;;Current forward reactive peak energy;;0.01;0;kvarh;4
20;3;46;U32;;Current forward reactive flat energy;;0.01;0;kvarh;4
21;3;48;U32;;Current forward reactive valley energy;;0.01;0;kvarh;4
22;3;50;U32;;Current reversing reactive total energy;;0.01;0;kvarh;4
23;3;52;U32;;Current reversing reactive spike energy;;0.01;0;kvarh;4
24;3;54;U32;;Current reversing reactive peak energy;;0.01;0;kvarh;4
25;3;56;U32;;Current reversing reactive flat energy;;0.01;0;kvarh;4
26;3;58;U32;;Current reversing reactive valley energy;;0.01;0;kvarh;4
27;3;60;U16;;Time: second, minute;;1;0;;4
28;3;61;U16;;Time: hour, day;;1;0;;4
29;3;62;U16;;Time: month, year;;1;0;;4
30;3;63;U16;;First communication path: Address;;1;0;;1
31;3;64;U16;;Pulse constant;;1;0;imp/kWh;4
32;3;65;U16;;Time table number of the first time zone;;1;0;;1
33;3;66;U16;;Time zone 1 start date: day;;1;0;;1
34;3;67;U16;;Time zone 1 start date: month;;1;0;;1
35;3;68;U16;;Time table number of the second time zone;;1;0;;1
36;3;69;U16;;Time zone 2 start date: day;;1;0;;1
37;3;70;U16;;Time zone 2 start date: month;;1;0;;1
38;3;71;U16;;Time table number of the third time zone;;1;0;;1
39;3;72;U16;;Time zone 3 start date: day;;1;0;;1
40;3;73;U16;;Time zone 3 start date: month;;1;0;;1
41;3;74;U16;;Time zone 4 start date: day;;1;0;;1
42;3;75;U16;;Time zone 4 start date: month;;1;0;;1
43;3;76;U16;;Rate no. of period 1;;1;0;;1
44;3;77;U16;;Start of period 1: hour;;1;0;;1
45;3;78;U16;;Start of period 2: minute;;1;0;;1
46;3;79;U16;;Rate no. of period 3;;1;0;;1
47;3;80;U16;;Start of period 3: hour;;1;0;;1
48;3;81;U16;;Start of period 4: minute;;1;0;;1
49;3;82;U16;;Rate no. of period 5;;1;0;;1
50;3;83;U16;;Start of period 5: hour;;1;0;;1
51;3;84;U16;;Start of period 6: minute;;1;0;;1
52;3;85;U16;;Rate no. of period 7;;1;0;;1
53;3;86;U16;;Start of period 7: hour;;1;0;;1
54;3;87;U16;;Start of period 8: minute;;1;0;;1
55;3;88;U16;;Rate no. of period 1_2;;1;0;;1
56;3;89;U16;;Start of period 1: hour_2;;1;0;;1
57;3;90;U16;;Start of period 2: minute_2;;1;0;;1
58;3;91;U16;;Rate no. of period 3_2;;1;0;;1
59;3;92;U16;;Start of period 3: hour_2;;1;0;;1
60;3;93;U16;;Start of period 4: minute_2;;1;0;;1
61;3;94;U16;;Rate no. of period 5_2;;1;0;;1
62;3;95;U16;;Start of period 5: hour_2;;1;0;;1
63;3;96;U16;;Start of period 6: minute_2;;1;0;;1
64;3;1792;U16;;Rate no. of period 1_3;;1;0;;1
65;3;1793;U16;;Start of period 1: hour_3;;1;0;;1
66;3;1794;U16;;Start of period 2: minute_3;;1;0;;1
67;3;1795;U16;;Rate no. of period 3_3;;1;0;;1
68;3;1796;U16;;Start of period 3: hour_3;;1;0;;1
69;3;1797;U16;;Start of period 4: minute_3;;1;0;;1
70;3;1798;U16;;Rate no. of period 5_3;;1;0;;1
71;3;1799;U16;;Start of period 5: hour_3;;1;0;;1
72;3;1800;U16;;Start of period 6: minute_3;;1;0;;1
73;3;1801;U16;;Rate no. of period 7_3;;1;0;;1
74;3;1802;U16;;Start of period 7: hour_3;;1;0;;1
75;3;1803;U16;;Start of period 8: minute_3;;1;0;;1
76;3;1804;U16;;Rate no. of period 9;;1;0;;1
77;3;1805;U16;;Start of period 9: hour;;1;0;;1
78;3;1806;U16;;Start of period 10: minute;;1;0;;1
79;3;1807;U16;;Rate no. of period 11;;1;0;;1
80;3;1808;U16;;Start of period 11: hour;;1;0;;1
81;3;1809;U16;;Start of period 12: minute;;1;0;;1
82;3;1810;U16;;Rate no. of period 13;;1;0;;1
83;3;1811;U16;;Start of period 13: hour;;1;0;;1
84;3;1812;U16;;Start of period 14: minute;;1;0;;1
85;3;1813;U16;;Rate no. of period 1_4;;1;0;;1
86;3;1814;U16;;Start of period 1: hour_4;;1;0;;1
87;3;1815;U16;;Start of period 2: minute_4;;1;0;;1
88;3;1816;U16;;Rate no. of period 3_4;;1;0;;1
89;3;1817;U16;;Start of period 3: hour_4;;1;0;;1
90;3;1818;U16;;Start of period 4: minute_4;;1;0;;1
91;3;1819;U16;;Rate no. of period 5_4;;1;0;;1
92;3;1820;U16;;Start of period 5: hour_4;;1;0;;1
93;3;1821;U16;;Start of period 6: minute_4;;1;0;;1
94;3;1822;U16;;Rate no. of period 7_4;;1;0;;1
95;3;1823;U16;;Start of period 7: hour_4;;1;0;;1
96;3;1824;U16;;Start of period 8: minute_4;;1;0;;1
97;3;1825;U16;;Rate no. of period 9_2;;1;0;;1
98;3;1826;U16;;Start of period 9: hour_2;;1;0;;1
99;3;1827;U16;;Start of period 10: minute_2;;1;0;;1
100;3;1828;U16;;Rate no. of period 11_2;;1;0;;1
101;3;1829;U16;;Start of period 11: hour_2;;1;0;;1
102;3;1830;U16;;Start of period 12: minute_2;;1;0;;1
103;3;1831;U16;;Rate no. of period 13_2;;1;0;;1
104;3;1832;U16;;Start of period 13: hour_2;;1;0;;1
105;3;1833;U16;;Start of period 14: minute_2;;1;0;;1
106;3;97;U16;;Voltage of A phase;;0.1;0;V;4
107;3;98;U16;;Voltage of B phase;;0.1;0;V;4
108;3;99;U16;;Voltage of C phase;;0.1;0;V;4
109;3;100;U16;;Current of A phase;;0.01;0;A;4
110;3;101;U16;;Current of B phase;;0.01;0;A;4
111;3;102;U16;;Current of C phase;;0.01;0;A;4
112;3;119;U16;;Frequency;;0.01;0;Hz;4
113;3;120;U16;;Voltage between A-B;;0.1;0;V;4
114;3;121;U16;;Voltage between C-B;;0.1;0;V;4
115;3;122;U16;;Voltage between A-C;;0.1;0;V;4
116;3;123;U16;;Forward active maximum demand;;0.001;0;kW;4
117;3;124;U16;;Time of occurrence :minute,hour;;1;0;;4
118;3;125;U16;;Time of occurrence :day,month;;1;0;;4
119;3;126;U16;;Reversing active maximum demand;;0.001;0;kW;4
120;3;127;U16;;Time of occurrence :minute,hour_2;;1;0;;4
121;3;128;U16;;Time of occurrence :day,month_2;;1;0;;4
122;3;129;U16;;Maximum forward demand for reactive power;;0.001;0;kvar;4
123;3;130;U16;;Time of occurrence :minute,hour_3;;1;0;;4
124;3;131;U16;;Time of occurrence :day,month_3;;1;0;;4
125;3;132;U16;;Maximum reversing demand for reactive power;;0.001;0;kvar;4
126;3;133;U16;;Time of occurrence :minute,hour_4;;1;0;;4
127;3;134;U16;;Time of occurrence :day,month_4;;1;0;;4
128;3;135;U32;;Forward active energy of A phase;;0.01;0;kWh;4
129;3;137;U32;;Forward active energy of B phase;;0.01;0;kWh;4
130;3;139;U32;;Forward active energy of C phase;;0.01;0;kWh;4
131;3;141;U16;;Voltage transfer(PT);;1;0;;1
132;3;142;U16;;Current transfer(CT);;1;0;;1
133;3;143;U16;;State of DIDO, over-voltage, loss-voltage;;1;0;;4
134;3;145;U16;;Running state 1;;1;0;;4
135;3;146;U16;;Zero sequence current;;1;0;A;4
136;3;147;U16;;Voltage imbalance;;0.001;0;%;4
137;3;148;U16;;Current imbalance;;0.001;0;%;4
138;3;149;U16;;First communication path: Testing byte;;1;0;;1
139;3;150;U16;;Second communication path: Address;;1;0;;1
140;3;151;U16;;Second communication path: Baud rate;;1;0;;1
141;3;152;U16;;Second communication path: Testing byte;;1;0;;1
142;3;153;U16;;Second communication path: Stop byte;;1;0;;1
143;3;356;U32;;Active power of A phase;ActivePow1kW;0.001;0;kW;4
144;3;358;U32;;Active power of B phase;ActivePow2kW;0.001;0;kW;4
145;3;360;U32;;Active power of C phase;ActivePow3kW;0.001;0;kW;4
146;3;362;U32;;Total active power;ActivePowSumkW;0.001;0;kW;4
147;3;364;U32;;Reactive power of A phase;ReactivePow1;0.001;0;kvar;4
148;3;366;U32;;Reactive power of B phase;ReactivePow2;0.001;0;kvar;4
149;3;368;U32;;Reactive power of C phase;ReactivePow3;0.001;0;kvar;4
150;3;370;U32;;Total reactive power;ReactivePowSUM;0.001;0;kvar;4
151;3;372;U32;;Apparent power of A phase;;0.001;0;kVA;4
152;3;374;U32;;Apparent power of b phase;;0.001;0;kVA;4
153;3;376;U32;;Apparent power of c phase;;0.001;0;kVA;4
154;3;378;U32;;Total apparent power;;0.001;0;kVA;4
155;3;380;U16;;Power factor of A phase;;0.001;0;;4
156;3;381;U16;;Power factor of B phase;;0.001;0;;4
157;3;382;U16;;Power factor of C phase;;0.001;0;;4
158;3;383;U16;;Total power factor;;0.001;0;;4
159;3;384;U16;;Maximum forward active demand a day;;0.001;0;kW;4
160;3;385;U16;;Occur time:minute,hour_5;;1;0;;4
161;3;386;U16;;Maximum reversing active demand a day;;0.001;0;kW;4
162;3;387;U16;;Occur time:minute,hour_6;;1;0;;4
163;3;388;U16;;Maximum forward reactive demand a day;;0.001;0;kvar;4
164;3;389;U16;;Occur time:minute,hour_7;;1;0;;4
165;3;390;U16;;Maximum reversing reactive demand a day;;0.001;0;kvar;4
166;3;391;U16;;Occur time:minute,hour_8;;1;0;;4
167;3;392;U16;;Maximum forward active demand last day;;0.001;0;kW;4
168;3;393;U16;;Occur time:minute,hour_9;;1;0;;4
169;3;394;U16;;Maximum reversing active demand last day;;0.001;0;kW;4
170;3;395;U16;;Occur time:minute,hour_10;;1;0;;4
171;3;396;U16;;Maximum forward reactive demand last day;;0.001;0;kvar;4
172;3;397;U16;;Occur time:minute,hour_11;;1;0;;4
173;3;398;U16;;Maximum reversing reactive demand last day;;0.001;0;kvar;4
174;3;399;U16;;Occur time:minute,hour_12;;1;0;;4
175;3;400;U16;;Maximum forward active demand last 2 days;;0.001;0;kW;4
176;3;401;U16;;Occur time:minute,hour_13;;1;0;;4
177;3;402;U16;;Maximum reversing active demand last 2 days;;0.001;0;kW;4
178;3;403;U16;;Occur time:minute,hour_14;;1;0;;4
179;3;404;U16;;Maximum forward reactive demand last 2 days;;0.001;0;kvar;4
180;3;405;U16;;Occur time:minute,hour_15;;1;0;;4
181;3;406;U16;;Maximum reversing reactive demand last 2 days;;0.001;0;kvar;4
182;3;407;U16;;Occur time:minute,hour_16;;1;0;;4
183;3;408;U16;;Current forward active demand;;0.001;0;kW;4
184;3;409;U16;;Current reversing active demand;;0.001;0;kW;4
185;3;410;U16;;Current forward reactive demand;;0.001;0;kvar;4
186;3;411;U16;;Current reversing reactive demand;;0.001;0;kvar;4
187;3;512;U16;;Maximum voltage on A phase;;0.1;0;V;4
188;3;513;U16;;Occur time:month,day_5;;1;0;;4
189;3;514;U16;;Occur time:hour,minute_3;;1;0;;4
190;3;515;U32;;Maximum voltage on B phase and occur time;;0.1;0;V;4
191;3;518;U32;;Maximum voltage on C phase and occur time;;0.1;0;V;4
192;3;521;U32;;Maximum current on A phase and occur time;;0.01;0;A;4
193;3;524;U32;;Maximum current on B phase and occur time;;0.01;0;A;4
194;3;527;U32;;Maximum current on C phase and occur time;;0.01;0;A;4
195;3;530;U32;;Maximum active power on A phase;;0.001;0;kW;4
196;3;532;U16;;Occur time:month,day_6;;1;0;;4
197;3;533;U16;;Occur time:hour,minute_4;;1;0;;4
198;3;534;U32;;Maximum active power on B phase and occur time;;0.001;0;kW;4
199;3;538;U32;;Maximum active power on C phase and occur time;;0.001;0;kW;4
200;3;542;U32;;Maximum total active power and occur time;;0.001;0;kW;4
201;3;546;U32;;Maximum reactive power on A phase and occur time;;0.001;0;kvar;4
202;3;550;U32;;Maximum reactive power on B phase and occur time;;0.001;0;kvar;4
203;3;554;U32;;Maximum reactive power on C phase and occur time;;0.001;0;kvar;4
204;3;558;U32;;Maximum total reactive power and occur time;;0.001;0;kvar;4
205;3;562;U32;;Maximum apparent power on A phase and occur time;;0.001;0;kVA;4
206;3;566;U32;;Maximum apparent power on B phase and occur time;;0.001;0;kVA;4
207;3;570;U32;;Maximum apparent power on C phase and occur time;;0.001;0;kVA;4
208;3;574;U32;;Maximum total apparent power and occur time;;0.001;0;kVA;4
209;3;578;U32;;Minimum voltage on A phase and occur time;;0.1;0;V;4
210;3;581;U32;;Minimum voltage on B phase and occur time;;0.1;0;V;4
211;3;584;U32;;Minimum voltage on C phase and occur time;;0.1;0;V;4
212;3;587;U32;;Minimum current on A phase and occur time;;0.01;0;A;4
213;3;590;U32;;Minimum current on B phase and occur time;;0.01;0;A;4
214;3;593;U32;;Minimum current on C phase and occur time;;0.01;0;A;4
215;3;596;U32;;Minimum active power on A phase and occur time;;0.001;0;kW;4
216;3;600;U32;;Minimum active power on B phase and occur time;;0.001;0;kW;4
217;3;604;U32;;Minimum active power on C phase and occur time;;0.001;0;kW;4
218;3;608;U32;;Minimum active power and occur time;;0.001;0;kW;4
219;3;612;U32;;Minimum reactive power on A phase and occur time;;0.001;0;kvar;4
220;3;616;U32;;Minimum reactive power on B phase and occur time;;0.001;0;kvar;4
221;3;620;U32;;Minimum reactive power on C phase and occur time;;0.001;0;kvar;4
222;3;624;U32;;Minimum reactive power and occur time;;0.001;0;kvar;4
223;3;628;U32;;Minimum apparent power on A phase and occur time;;0.001;0;kVA;4
224;3;632;U32;;Minimum apparent power on B phase and occur time;;0.001;0;kVA;4
225;3;636;U32;;Minimum apparent power on C phase and occur time;;0.001;0;kVA;4
226;3;640;U32;;Minimum apparent power and occur time;;0.001;0;kVA;4
227;3;8192;U16;;T1 temperature;;0.1;0;C;4
228;3;8193;U16;;T2 temperature;;0.1;0;C;4
229;3;8194;U16;;T3 temperature;;0.1;0;C;4
230;3;1501;U16;;THDUa;;0.001;0;%;4
231;3;1502;U16;;THDUb;;0.001;0;%;4
232;3;1503;U16;;THDUc;;0.001;0;%;4
233;3;1504;U16;;THDIa;;0.001;0;%;4
234;3;1505;U16;;THDIb;;0.001;0;%;4
235;3;1506;U16;;THDIc;;0.001;0;%;4
236;3;1691;U16;;Fundamental voltage on A phase;;0.1;0;V;4
237;3;1692;U16;;Fundamental voltage on B phase;;0.1;0;V;4
238;3;1693;U16;;Fundamental voltage on C phase;;0.1;0;V;4
239;3;1697;U16;;Fundamental current on A phase;;0.01;0;A;4
240;3;1698;U16;;Fundamental current on B phase;;0.01;0;A;4
241;3;1699;U16;;Fundamental current on C phase;;0.01;0;A;4
242;3;1703;U16;;Fundamental active power on A phase;;0.001;0;kW;4
243;3;1704;U16;;Fundamental active power on B phase;;0.001;0;kW;4
244;3;1705;U16;;Fundamental active power on C phase;;0.001;0;kW;4
245;3;1706;U16;;Total fundamental active power;;0.001;0;kW;4
246;3;1707;U16;;Fundamental reactive power on A phase;;0.001;0;kvar;4
247;3;1708;U16;;Fundamental reactive power on B phase;;0.001;0;kvar;4
248;3;1709;U16;;Fundamental reactive power on C phase;;0.001;0;kvar;4
249;3;1710;U16;;Total fundamental reactive power;;0.001;0;kvar;4
250;3;1711;U16;;Harmonic active power on A phase;;0.001;0;kW;4
251;3;1712;U16;;Harmonic active power on B phase;;0.001;0;kW;4
252;3;1713;U16;;Harmonic active power on C phase;;0.001;0;kW;4
253;3;1714;U16;;Total harmonic active power;;0.001;0;kW;4
254;3;1715;U16;;Harmonic reactive power on A phase;;0.001;0;kvar;4
255;3;1716;U16;;Harmonic reactive power on B phase;;0.001;0;kvar;4
256;3;1717;U16;;Harmonic reactive power on C phase;;0.001;0;kvar;4
257;3;1718;U16;;Total harmonic reactive power;;0.001;0;kvar;4
