ModbusRTU;Inverter;Autarco;GENERIC;;;;;;;
1;4;2999;U16;;Product model;;1.0;0.0;;4
2;4;3000;U16;;DSP software version;;1.0;0.0;;4
3;4;3001;U16;;LCD software version;;1.0;0.0;;4
4;4;3002;U16;;AC output type;;1.0;0.0;;4
5;4;3003;U16;;DC input type;;1.0;0.0;;4
6;4;3004;I32;;Active Power;;1.0;0.0;;4
7;4;3006;U32;;Total DC output power;;1.0;0.0;W;4
8;4;3008;U32;;Total energy;;1.0;0.0;W;4
9;4;3010;U32_W;;Energy this month;;1.0;0.0;kWh;4
10;4;3012;U32_W;;Energy last month;;1.0;0.0;kWh;4
11;4;3014;U16;;Energy today;;1.0;0.0;kWh;4
13;4;3016;U32_W;;Energy this year ;;1.0;0.0;kWh;4
14;4;3018;U32_W;;Energy last year;;1.0;0.0;kWh;4
15;4;3020;I16;;HMI Version;;1.0;0.0;kWh;4
16;4;3021;U16;;DC voltage 1;;0.1;0.0;V;4
17;4;3022;U16;;DC current 1;;0.1;0.0;A;4
18;4;3023;U16;;DC voltage 2;;0.1;0.0;V;4
19;4;3024;U16;;DC current 2;;0.1;0.0;A;4
20;4;3025;U16;;DC voltage 3;;0.1;0.0;V;4
21;4;3026;U16;;DC current 3;;0.1;0.0;A;4
22;4;3027;U16;;DC voltage 4;;0.1;0.0;V;4
23;4;3028;U16;;DC current 4;;0.1;0.0;A;4
24;4;3029;U16;;Alarm code data;;1.0;0.0;;8
25;4;3030;U16;;Initialize ground voltage;;0.1;0.0;V;4
26;4;3031;U16;;DC busbar voltage;;1.0;0.0;;4
27;4;3032;U16;;DC half-busbar voltage;;0.1;0.0;V;4
28;4;3033;U16;;AB line voltage / A phase voltage;;0.1;0.0;V;4
29;4;3034;U16;;BC line voltage / B phase voltage;;0.1;0.0;V;4
30;4;3035;U16;;CA line voltage / C phase voltage;;0.1;0.0;V;4
31;4;3036;U16;;A phase current;;0.1;0.0;V;4
32;4;3037;U16;;B phase current;;0.1;0.0;A;4
33;4;3038;U16;;C phase current;;0.1;0.0;A;4
35;4;3040;U16;;Standard Working mode;;1.0;0.0;;4
36;4;3041;U16;;Inverter temperature;;0.1;0.0;Deg.Celsius;4
37;4;3042;U16;;Grid Frequency;;0.01;0.0;Hz;4
38;4;3043;U16;;Inverter status;;1.0;0.0;;8
39;4;3044;I32;;Limit active power adjustement rated power output value;;1.0;0.0;W;4
40;4;3046;I32;;Limit reactive power adjustment rated power output value;;1.0;0.0;Var;4
41;4;3048;U16;;Inverter control word;;1.0;0.0;;4
42;4;3049;U16;;Actual value of limited Active power;;1.0;0.0;%;4
43;4;3050;I16;;Actual adjust value of power factor;;0.001;0.0;;4
44;4;3051;I16;;Actual power factor adjustment;;0.001;0.0;;4
45;4;3052;I16;;Reactive power value;;1.0;0.0;%;4
46;4;3053;U16;;Standard;;1.0;0.0;;4
47;4;3054;U16;;Power curve code;;1.0;0.0;;4
48;4;3055;I32;;Reactive power value;;1.0;0.0;Var;4
49;4;3057;I32;;Apparent power value;;1.0;0.0;VA;4
50;4;3059;I16;;Real-time power factor;;0.001;0.0;;4
50;4;3060;U16;;Inverter SN_1;;1.0;0.0;;4
51;4;3061;U16;;Inverter SN_2;;1.0;0.0;;4
52;4;3062;U16;;Inverter SN_3;;1.0;0.0;;4
53;4;3063;U16;;Inverter SN_4;;1.0;0.0;;4
;4;3072;U16;;System time - year;;1;0.0;;4
;4;3073;U16;;System time - month;;1;0.0;;4
;4;3074;U16;;System time - day;;1;0.0;;4
;4;3075;U16;;System time-hour;;1;0.0;;4
;4;3076;U16;;System time-minute;;1;0.0;;4
;4;3077;U16;;System time - second;;1;0.0;;4
;4;3078;U16;;DRM;;1;0.0;;4
;4;3085;U16;;Leakage current protection value;;1;0.0;mA;4
;4;3086;U16;;Insulation resistance protection value;;1;0.0;kOhm;4
;4;3089;U16;;Power limit switch;;1;0.0;;4
;4;3090;U16;;Reactive power switch;;1;0.0;;4
;4;3091;U16;;Real Time PV insulation  resistance;;1;0.0;kOhm;4
;4;3092;I16;;Inverter Temperature;;0.1;0.0;°C;4
;4;3093;U16;;Inverter installation Method;;1;0;;4
;4;3105;U16;;Ileak Real time data;;1;0;mA;4
;4;3110;U16;;Internal PELD Switch (PELD Soft Switch for AU 2020 Code);;1;0;;4
;4;3111;I16;;Internal PELD backflow power (PELD Soft Limit for AU 2020 Code);;100;0;W;4
;4;3112;U16;;Internal PELD failsafe switch;;1;0;;4
;4;3113;U16;;Internal PELD real time backflow power;;10;0;W;4
;4;3114;U16;;Internal PELD Hard Switch for AU 2020 Code;;1;0;;4
;4;3115;U16;;Internal PELD Hard Limit for AU 2020 Code;;100;0;W;4
;4;3116;U16;;Total Energy – Decimal Part;;0.001;0;kWh;4
;4;3120;U16;;Italy Single Self-Test;;;;;
;4;3121;U16;;Italy Full Self-test;;;;;
81;4;3122;U16;;01-59.S1 Voltage;;0.1;0.0;V;1
82;4;3123;U16;;01-59.S1 Time;;1.0;0.0;ms;1
83;4;3124;U16;;02-59.S2 Voltage;;0.1;0.0;V;1
84;4;3125;U16;;02-59.S2 Time;;1.0;0.0;ms;1
85;4;3126;U16;;03-27.S1 Voltage;;0.1;0.0;V;1
86;4;3127;U16;;03-27.S1 Time;;1.0;0.0;ms;1
87;4;3128;U16;;04-27.S2 Voltage;;0.1;0.0;V;1
88;4;3129;U16;;04-27.S2 Time;;1.0;0.0;ms;1
89;4;3130;U16;;05-81>.S1Frequency;;0.01;0.0;Hz;1
90;4;3131;U16;;05-81>.S1 Time;;1.0;0.0;ms;1
91;4;3132;U16;;06-81 < .S1 Frequency;;0.01;0.0;Hz;1
92;4;3133;U16;;06-81 < .S1 Time;;1.0;0.0;ms;1
93;4;3134;U16;;07-81>.S2F Frequency;;0.01;0.0;Hz;1
94;4;3135;U16;;07-81>.S2F Time;;1.0;0.0;ms;1
95;4;3136;U16;;08-81>.S2F Frequency;;0.01;0.0;Hz;1
96;4;3137;U16;;08-81>.S2F Time;;1.0;0.0;ms;1
97;4;3138;U16;;09-81>.S2S Frequency;;0.01;0.0;Hz;1
98;4;3139;U16;;09-81>.S2S Time;;1.0;0.0;ms;1
99;4;3140;U16;;10-81>.S2S Frequency;;0.01;0.0;Hz;1
100;4;3141;U16;;10-81>.S2S Time;;1.0;0.0;ms;1
;4;3220;U16;;Inverter initial setting state;;1.0;0.0;;4
;;3222;U16;;Safety version;;1.0;0.0;;1
;;3227;U16;;One Click Reset Enable Command Status;;1.0;0.0;;1
;;3228;U16;;One Click Reset Operating Command Status;;1.0;0.0;;1
;;3229;U16;;SN Number;;;;;
;;3230;U16;;SN Number_1;;;;;
;;3231;U16;;SN Number_2;;;;;
;;3232;U16;;SN Number_3;;;;;
;;3233;U16;;SN Number_4;;;;;
;;3234;U16;;SN Number_5;;;;;
;;3235;U16;;SN Number_6;;;;;
;;3236;U16;;SN Number_7;;;;;
;;3237;U16;;SN Number_8;;;;;
;;3238;U16;;SN Number_9;;;;;
;;3239;U16;;SN Number_10;;;;;
;;3240;U16;;SN Number_11;;;;;
;;3241;U16;;SN Number_12;;;;;
;;3242;U16;;SN Number_13;;;;;
;;3243;U16;;SN Number_14;;;;;
;;3244;U16;;SN Number_15;;;;;
;;3245;U16;;SN Number_16;;;;;
;;3246;U16;;SN Number_17;;;;;
;;3247;U16;;SN Number_18;;;;;
;;3248;U16;;SN Number_19;;;;;
101;4;3249;U16;;Meter placement;;;0.0;;1
102;4;3250;U16;;Meter AC voltage A;;0.1;0.0;V;1
103;4;3251;U16;;Meter AC current A;;0.01;0.0;A;1
104;4;3252;U16;;Meter AC voltage B;;0.1;0.0;V;1
105;4;3253;U16;;Meter AC current B;;0.01;0.0;A;1
106;4;3254;U16;;Meter AC voltage C;;0.1;0.0;V;1
107;4;3255;U16;;Meter AC current C;;0.01;0.0;A;1
108;4;3256;I32;;Meter Active powerA;;0.001;0.0;kW;1
109;4;3258;I32;;Meter Active powerB;;0.001;0.0;kW;1
110;4;3260;I32;;Meter Active powerC;;0.001;0.0;kW;1
111;4;3262;I32;;Meter Total active power;;0.001;0.0;kW;1
112;4;3264;I32;;Meter Reactive power A;;1;0.0;Var;1
113;4;3266;I32;;Meter Reactive power B;;1;0.0;Var;1
114;4;3268;I32;;Meter Reactive power C;;1;0.0;Var;1
115;4;3270;I32;;Meter Total reactive power;;1;0.0;Var;1
116;4;3272;I32;;Meter Apparent power A;;1;0.0;VA;1
117;4;3274;I32;;Meter Apparent power B;;1;0.0;VA;1
118;4;3276;I32;;Meter Apparent power C;;1;0.0;VA;1
119;4;3278;I16;;Meter Apparent power;;1;0.0;;1
120;4;3280;U16;;Meter Power factor;;0.001;0.0;Hz;1
121;4;3281;U32;;Meter Grid frequency;;0.01;0.0;Hz;1
122;4;3282;U32;;Meter Grid power total active energy;;0.01;0.0;kWh;1
;4;3284;U32;;Meter Grid power transmission total active  energy;;0.01;0;kW;4
;4;3286;U16;;PV string voltage and Current Combination Description;;1;;;
123;4;3288;I16;;PV21I;;0.1;0.0;A;4
124;4;3289;I16;;PV22I;;0.1;0.0;A;4
125;4;3290;I16;;PV23I;;0.1;0.0;A;4
126;4;3291;I16;;PV24I;;0.1;0.0;A;4
127;4;3292;I16;;PV25I;;0.1;0.0;A;4
128;4;3293;I16;;PV26I;;0.1;0.0;A;4
129;4;3294;I16;;PV27I;;0.1;0.0;A;4
130;4;3295;I16;;PV28I;;0.1;0.0;A;4
131;4;3296;I16;;PV29I;;0.1;0.0;A;4
132;4;3297;I16;;PV30I;;0.1;0.0;A;4
133;4;3298;U16;;Total PV V;;0.1;0.0;V;4
134;4;3299;I16;;Total PV I;;0.1;0.0;A;4
135;4;3300;I16;;PV1 I;;0.1;0.0;A;4
136;4;3301;I16;;PV2 I;;0.1;0.0;A;4
137;4;3302;I16;;PV3 I;;0.1;0.0;A;4
138;4;3303;I16;;PV4 I;;0.1;0.0;A;4
139;4;3304;I16;;PV5 I;;0.1;0.0;A;4
140;4;3305;I16;;PV6 I;;0.1;0.0;A;4
141;4;3306;I16;;PV7 I;;0.1;0.0;A;4
142;4;3307;I16;;PV8 I;;0.1;0.0;A;4
143;4;3308;I16;;PV9 I;;0.1;0.0;A;4
144;4;3309;I16;;PV10 I;;0.1;0.0;A;4
145;4;3310;I16;;PV11 I;;0.1;0.0;A;4
146;4;3311;I16;;PV12 I;;0.1;0.0;A;4
147;4;3312;I16;;PV13 I;;0.1;0.0;A;4
148;4;3313;I16;;PV14 I;;0.1;0.0;A;4
149;4;3314;I16;;PV15 I;;0.1;0.0;A;4
150;4;3315;I16;;PV16 I;;0.1;0.0;A;4
151;4;3316;I16;;PV17 I;;0.1;0.0;A;4
152;4;3317;I16;;PV18 I;;0.1;0.0;A;4
153;4;3318;I16;;PV19 I;;0.1;0.0;A;4
154;4;3319;I16;;PV20 I;;0.1;0.0;A;4
155;4;3320;U16;;PV1 V;;0.1;0.0;V;4
156;4;3321;U16;;PV2 V;;0.1;0.0;V;4
157;4;3322;U16;;PV3 V;;0.1;0.0;V;4
158;4;3323;U16;;PV4 V;;0.1;0.0;V;4
159;4;3324;U16;;PV5 V;;0.1;0.0;V;4
160;4;3325;U16;;PV6 V;;0.1;0.0;V;4
161;4;3326;U16;;PV7 V;;0.1;0.0;V;4
162;4;3327;U16;;PV8 V;;0.1;0.0;V;4
163;4;3328;U16;;PV9 V;;0.1;0.0;V;4
164;4;3329;U16;;PV10 V;;0.1;0.0;V;4
165;4;3330;U16;;PV11 V;;0.1;0.0;V;4
166;4;3331;U16;;PV12V;;0.1;0.0;V;4
167;4;3332;U16;;PV13V;;0.1;0.0;V;4
168;4;3333;U16;;PV14V;;0.1;0.0;V;4
169;4;3334;U16;;PV15V;;0.1;0.0;V;4
170;4;3340;U16;;This model IV curve number;;1.0;0.0;;4
171;4;3341;U16;;Current IV curve No.;;1.0;0.0;;4
172;4;3342;U16;;PVV1;;0.1;0.0;V;4
173;4;3343;I16;;PVI1;;0.1;0.0;A;4
174;4;3344;U16;;PVV2;;0.1;0.0;V;4
175;4;3345;I16;;PVI2;;0.1;0.0;A;4
176;4;3346;U16;;PVV3;;0.1;0.0;V;4
177;4;3347;I16;;PVI3;;0.1;0.0;A;4
178;4;3348;U16;;PVV4;;0.1;0.0;V;4
179;4;3349;I16;;PVI4;;0.1;0.0;A;4
180;4;3350;U16;;PVV5;;0.1;0.0;V;4
181;4;3351;I16;;PVI5;;0.1;0.0;A;4
182;4;3352;U16;;PVV6;;0.1;0.0;V;4
183;4;3353;I16;;PVI6;;0.1;0.0;A;4
184;4;3354;U16;;PVV7;;0.1;0.0;V;4
185;4;3355;I16;;PVI7;;0.1;0.0;A;4
186;4;3356;U16;;PVV8;;0.1;0.0;V;4
187;4;3357;I16;;PVI8;;0.1;0.0;A;4
188;4;3358;U16;;PVV9;;0.1;0.0;V;4
189;4;3359;I16;;PVI9;;0.1;0.0;A;4
190;4;3360;U16;;PVV10;;0.1;0.0;V;4
191;4;3361;I16;;PVI10;;0.1;0.0;A;4
192;4;3362;U16;;PVV11;;0.1;0.0;V;4
193;4;3363;I16;;PVI11;;0.1;0.0;A;4
194;4;3364;U16;;PVV12;;0.1;0.0;V;4
195;4;3365;I16;;PVI12;;0.1;0.0;A;4
196;4;3366;U16;;PVV13;;0.1;0.0;V;4
197;4;3367;I16;;PVI13;;0.1;0.0;A;4
198;4;3368;U16;;PVV14;;0.1;0.0;V;4
199;4;3369;I16;;PVI14;;0.1;0.0;A;4
200;4;3370;U16;;PVV15;;0.1;0.0;V;4
201;4;3371;I16;;PVI15;;0.1;0.0;A;4
202;4;3372;U16;;PVV16;;0.1;0.0;V;4
203;4;3373;I16;;PVI16;;0.1;0.0;A;4
204;4;3374;U16;;PVV17;;0.1;0.0;V;4
205;4;3375;I16;;PVI17;;0.1;0.0;A;4
206;4;3376;U16;;PVV18;;0.1;0.0;V;4
207;4;3377;I16;;PVI18;;0.1;0.0;A;4
208;4;3378;U16;;PVV19;;0.1;0.0;V;4
209;4;3379;I16;;PVI19;;0.1;0.0;A;4
210;4;3380;U16;;PVV20;;0.1;0.0;V;4
211;4;3381;I16;;PVI20;;0.1;0.0;A;4
212;4;3382;U16;;PVV21;;0.1;0.0;V;4
213;4;3383;I16;;PVI21;;0.1;0.0;A;4
214;4;3384;U16;;PVV22;;0.1;0.0;V;4
215;4;3385;I16;;PVI22;;0.1;0.0;A;4
216;4;3386;U16;;PVV23;;0.1;0.0;V;4
217;4;3387;I16;;PVI23;;0.1;0.0;A;4
218;4;3388;U16;;PVV24;;0.1;0.0;V;4
219;4;3389;I16;;PVI24;;0.1;0.0;A;4
220;4;3390;U16;;PVV25;;0.1;0.0;V;4
221;4;3391;I16;;PVI25;;0.1;0.0;A;4
222;4;3392;U16;;PVV26;;0.1;0.0;V;4
223;4;3393;I16;;PVI26;;0.1;0.0;A;4
224;4;3394;U16;;PVV27;;0.1;0.0;V;4
225;4;3395;I16;;PVI27;;0.1;0.0;A;4
226;4;3396;U16;;PVV28;;0.1;0.0;V;4
227;4;3397;I16;;PVI28;;0.1;0.0;A;4
228;4;3398;U16;;PVV29;;0.1;0.0;V;4
229;4;3399;I16;;PVI29;;0.1;0.0;A;4
230;4;3400;U16;;PVV30;;0.1;0.0;V;4
231;4;3401;I16;;PVI30;;0.1;0.0;A;4
232;4;3402;U16;;PVV31;;0.1;0.0;V;4
233;4;3403;I16;;PVI31;;0.1;0.0;A;4
234;4;3404;U16;;PVV32;;0.1;0.0;V;4
235;4;3405;I16;;PVI32;;0.1;0.0;A;4
236;4;3406;U16;;PVV33;;0.1;0.0;V;4
237;4;3407;I16;;PVI33;;0.1;0.0;A;4
238;4;3408;U16;;PVV34;;0.1;0.0;V;4
239;4;3409;I16;;PVI34;;0.1;0.0;A;4
240;4;3410;U16;;PVV35;;0.1;0.0;V;4
241;4;3411;I16;;PVI35;;0.1;0.0;A;4
242;4;3412;U16;;PVV36;;0.1;0.0;V;4
243;4;3413;I16;;PVI36;;0.1;0.0;A;4
244;4;3414;U16;;PVV37;;0.1;0.0;V;4
245;4;3415;I16;;PVI37;;0.1;0.0;A;4
246;4;3416;U16;;PVV38;;0.1;0.0;V;4
247;4;3417;I16;;PVI38;;0.1;0.0;A;4
248;4;3418;U16;;PVV39;;0.1;0.0;V;4
249;4;3419;I16;;PVI39;;0.1;0.0;A;4
250;4;3420;U16;;PVV40;;0.1;0.0;V;4
251;4;3421;I16;;PVI40;;0.1;0.0;A;4
252;4;3422;U16;;PVV41;;0.1;0.0;V;4
253;4;3423;I16;;PVI41;;0.1;0.0;A;4
254;4;3424;U16;;PVV42;;0.1;0.0;V;4
255;4;3425;I16;;PVI42;;0.1;0.0;A;4
256;4;3426;U16;;PVV43;;0.1;0.0;V;4
257;4;3427;I16;;PVI43;;0.1;0.0;A;4
258;4;3428;U16;;PVV44;;0.1;0.0;V;4
259;4;3429;I16;;PVI44;;0.1;0.0;A;4
260;4;3430;U16;;PVV45;;0.1;0.0;V;4
261;4;3431;I16;;PVI45;;0.1;0.0;A;4
262;4;3432;U16;;PVV46;;0.1;0.0;V;4
263;4;3433;I16;;PVI46;;0.1;0.0;A;4
264;4;3434;U16;;PVV47;;0.1;0.0;V;4
265;4;3435;I16;;PVI47;;0.1;0.0;A;4
266;4;3436;U16;;PVV48;;0.1;0.0;V;4
267;4;3437;I16;;PVI48;;0.1;0.0;A;4
268;4;3438;U16;;PVV49;;0.1;0.0;V;4
269;4;3439;I16;;PVI49;;0.1;0.0;A;4
270;4;3440;U16;;PVV50;;0.1;0.0;V;4
271;4;3441;I16;;PVI50;;0.1;0.0;A;4
272;4;3442;U16;;PVV51;;0.1;0.0;V;4
273;4;3443;I16;;PVI51;;0.1;0.0;A;4
274;4;3444;U16;;PVV52;;0.1;0.0;V;4
275;4;3445;I16;;PVI52;;0.1;0.0;A;4
276;4;3446;U16;;PVV53;;0.1;0.0;V;4
277;4;3447;I16;;PVI53;;0.1;0.0;A;4
278;4;3448;U16;;PVV54;;0.1;0.0;V;4
279;4;3449;I16;;PVI54;;0.1;0.0;A;4
280;4;3450;U16;;PVV55;;0.1;0.0;V;4
281;4;3451;I16;;PVI55;;0.1;0.0;A;4
282;4;3452;U16;;PVV56;;0.1;0.0;V;4
283;4;3453;I16;;PVI56;;0.1;0.0;A;4
284;4;3454;U16;;PVV57;;0.1;0.0;V;4
285;4;3455;I16;;PVI57;;0.1;0.0;A;4
286;4;3456;U16;;PVV58;;0.1;0.0;V;4
287;4;3457;I16;;PVI58;;0.1;0.0;A;4
288;4;3458;U16;;PVV59;;0.1;0.0;V;4
289;4;3459;I16;;PVI59;;0.1;0.0;A;4
290;4;3460;U16;;PVV60;;0.1;0.0;V;4
291;4;3461;I16;;PVI60;;0.1;0.0;A;4
292;4;3499;U16;;MPPT 1V;;0.1;0.0;V;4
293;4;3500;U16;;MPPT 2V;;0.1;0.0;V;4
294;4;3501;U16;;MPPT 3V;;0.1;0.0;V;4
295;4;3502;U16;;MPPT 4V;;0.1;0.0;V;4
296;4;3503;U16;;MPPT 5V;;0.1;0.0;V;4
297;4;3504;U16;;MPPT 6V;;0.1;0.0;V;4
298;4;3505;U16;;MPPT 7V;;0.1;0.0;V;4
299;4;3506;U16;;MPPT 8V;;0.1;0.0;V;4
300;4;3507;U16;;MPPT 9V;;0.1;0.0;V;4
301;4;3508;U16;;MPPT 10V;;0.1;0.0;V;4
302;4;3509;U16;;MPPT 11V;;0.1;0.0;V;4
303;4;3510;U16;;MPPT 12V;;0.1;0.0;V;4
304;4;3511;U16;;MPPT 13V;;0.1;0.0;V;4
305;4;3512;U16;;MPPT 14V;;0.1;0.0;V;4
306;4;3513;U16;;MPPT 15V;;0.1;0.0;V;4
307;4;3529;I16;;MPPT 1I;;0.1;0.0;A;4
308;4;3530;I16;;MPPT 2I;;0.1;0.0;A;4
309;4;3531;I16;;MPPT 3I;;0.1;0.0;A;4
310;4;3532;I16;;MPPT 4I;;0.1;0.0;A;4
311;4;3533;I16;;MPPT 5I;;0.1;0.0;A;4
312;4;3534;I16;;MPPT 6I;;0.1;0.0;A;4
313;4;3535;I16;;MPPT 7I;;0.1;0.0;A;4
314;4;3536;I16;;MPPT 8I;;0.1;0.0;A;4
315;4;3537;I16;;MPPT 9I;;0.1;0.0;A;4
316;4;3538;I16;;MPPT 10I;;0.1;0.0;A;4
317;4;3539;I16;;MPPT 11I;;0.1;0.0;A;4
318;4;3540;I16;;MPPT 12I;;0.1;0.0;A;4
319;4;3541;I16;;MPPT 13I;;0.1;0.0;A;4
320;4;3542;I16;;MPPT 14I;;0.1;0.0;A;4
321;4;3543;I16;;MPPT 15I;;0.1;0.0;A;4
322;4;4999;U16;;Inverter status_1;;1.0;0.0;;8
323;4;5001;U16;;DC bus voltage;;0.1;0.0;V;4
324;4;36000;U16;;EPM AC V A;;1.0;0.0;V;4
325;4;36001;U16;;EPM AC I A;;1.0;0.0;A;4
326;4;36002;U16;;EPM AC V B;;1.0;0.0;V;4
327;4;36003;U16;;EPM AC I B;;1.0;0.0;A;4
328;4;36004;U16;;EPM AC V C;;1.0;0.0;V;4
329;4;36005;U16;;EPM AC I C;;1.0;0.0;A;4
330;4;36006;I16;;EPM_Power A;;1.0;0.0;W;4
331;4;36007;I16;;EPM_Power B;;1.0;0.0;W;4
332;4;36008;I16;;EPM_Power C;;1.0;0.0;W;4
333;4;36009;I32_W;;EPM_Power Total;;1.0;0.0;W;4
334;4;36011;I32_W;;Inverter Total Power;;1.0;0.0;W;4
335;4;36013;U16;;Inverter Model Number;;1.0;0.0;;4
336;4;36014;U16;;EPM firmware version;;1.0;0.0;;4
337;4;36015;U16;;Power control percent;;1.0;0.0;%;4
338;4;36016;U16;;CT ratio;;1.0;0.0;;4
339;4;36017;I16;;Backflow power setting value;;1.0;0.0;;4
340;4;36018;U16;;Inverter number setting value;;1.0;0.0;;4
341;4;36025;U16;;FailSafe ON/OFF;;1.0;0.0;;4
342;4;36026;I16;;Grid PF;;1.0;0.0;;4
343;4;36027;U16;;Grid Freq(Meter);;0.01;0.0;Hz;4
344;4;36028;U32_W;;Total Load power;;1.0;0.0;W;4
345;4;36050;U32_W;;Inverter total generation energy;;0.01;0.0;kWh;4
346;4;36052;U32_W;;Load total consumption energy;;0.01;0.0;kWh;4
347;4;36054;U32_W;;Grid import total active energy;;0.01;0.0;kWh;4
348;4;36056;U32_W;;Grid export total active energy;;0.01;0.0;kWh;4
349;4;36058;U16;;EPM data transmission Switch;;1.0;0.0;;4
350;4;36060;U16;;EPM model;;1.0;0.0;;4
351;3;3005;U16;;Slave address;;1.0;0.0;;4
352;3;3006;U16;;ON/OFF;;1.0;0.0;;4
353;3;3008;U16;;Power curve number;;1.0;0.0;;4
354;3;3009;U16;;81>S1;;0.01;0.0;Hz;4
355;3;3010;U16;;81>S1-T;;0.01;0.0;s;4
356;3;3011;U16;;81<S1_1;;0.01;0.0;Hz;4
357;3;3012;U16;;81<S1-T_1;;0.01;0.0;s;4
358;3;3013;U16;;81>S2F;;0.01;0.0;Hz;4
359;3;3014;U16;;81>S2F-T;;0.01;0.0;s;4
360;3;3015;U16;;81<S2F_1;;0.01;0.0;Hz;4
361;3;3016;U16;;81>S2F-T_1;;0.01;0.0;s;4
362;3;3017;U16;;81>S2S;;0.01;0.0;Hz;4
363;3;3018;U16;;81>S2S-T;;0.01;0.0;s;4
364;3;3019;U16;;81>S2S_1;;0.01;0.0;Hz;4
365;3;3020;U16;;81>S2S-T_1;;0.01;0.0;s;4
366;3;3022;U16;;DRM S1 Limit 1;;1.0;0.0;%;4
367;3;3023;U16;;DRM S2 Limit 2;;1.0;0.0;%;4
368;3;3024;U16;;DRM S3 Limit 3;;1.0;0.0;%;4
369;3;3025;U16;;DRM S4 Limit 4;;1.0;0.0;%;4
370;3;3026;U16;;DRM ON/OFF;;1.0;0.0;;4
371;3;3050;I16;;Reactive power limitation_1;;1.0;0.0;%;4
372;3;3051;U16;;Power limitation;;1.0;0.0;%;4
373;3;3052;I16;;PF Setting;;0.01;0.0;;4
374;3;3053;I16;;PF Setting 02;;0.01;0.0;;4
375;3;3067;U16;;Grid standard;;1.0;0.0;;4
376;3;3068;U16;;Power-off saving function;;1.0;0.0;;4
377;3;3069;U16;;Power limitation switch;;1.0;0.0;;4
378;3;3070;U16;;Reactive power switch_1;;1.0;0.0;;4
379;3;3072;U16;;Working mode_1;;1.0;0.0;;4
380;3;3076;U16;;AFCI ON/OFF;;1.0;0.0;;4
381;3;3079;U16;;Power control word;;1.0;0.0;;4
382;3;3080;I16;;Limit power actual value;;0.1;0.0;W;4
383;3;3082;I16;;Limiting reactive power adjustment value;;0.1;0.0;Var;4
384;3;3083;U16;;Leakage current protection;;1.0;0.0;mA;4
385;3;3084;U16;;PV insulation protection;;1.0;0.0;kOhm;4
386;3;3088;U16;;Grid code accuracy set flag;;1.0;0.0;;4
387;3;3089;U16;;OV-G-V 01;;1.0;0.0;V;4
388;3;3090;U16;;OV-G-V-T 01;;0.01;0.0;ms;4
389;3;3091;U16;;OV-G-V 02;;1.0;0.0;V;4
390;3;3092;U16;;OV-G-V-T 02;;0.01;0.0;ms;4
391;3;3093;U16;;UN-G-V 01;;1.0;0.0;V;4
392;3;3094;U16;;UN-G-V-T 01;;0.01;0.0;ms;4
393;3;3095;U16;;UN-G-V 02;;1.0;0.0;V;4
394;3;3096;U16;;UN-G-V-T 02;;0.01;0.0;ms;4
395;3;3097;U16;;OV-G-F 01;;0.1;0.0;Hz;4
396;3;3098;U16;;OV-G-F-T 01;;0.01;0.0;ms;4
397;3;3099;U16;;OV-G-F 02;;0.1;0.0;Hz;4
398;3;3100;U16;;OV-G-F-T 02;;0.01;0.0;ms;4
399;3;3101;U16;;UN-G-F 01;;0.1;0.0;Hz;4
400;3;3102;U16;;UN-G-F-T 01;;0.01;0.0;ms;4
401;3;3103;U16;;UN-G-F 02;;0.1;0.0;Hz;4
402;3;3104;U16;;UN-G-F-T 02;;0.01;0.0;ms;4
403;3;3105;U16;;Startup time;;1.0;0.0;s;4
404;3;3106;U16;;Reconnect time;;1.0;0.0;s;4
405;3;3107;U16;;Recover V upper limit;;0.1;0.0;V;4
406;3;3108;U16;;Recover V lower limit;;0.1;0.0;V;4
407;3;3109;U16;;Recover F upper limit;;0.01;0.0;Hz;4
408;3;3110;U16;;Recover F lower limit;;0.01;0.0;Hz;4
409;3;3111;U16;;Startup V upper limit;;0.1;0.0;V;4
410;3;3112;U16;;Startup V lower limit;;0.1;0.0;V;4
411;3;3113;U16;;Startup F upper limit;;0.01;0.0;Hz;4
412;3;3114;U16;;Startup F lower limit;;0.01;0.0;Hz;4
413;3;3129;U16;;01/06 working mode V1Set;;0.1;0.0;V;4
414;3;3130;U16;;01/06 working mode V2Set;;0.1;0.0;V;4
415;3;3131;U16;;01/06 working mode V3Set;;0.1;0.0;V;4
416;3;3132;U16;;01/06working mode V4Set;;0.1;0.0;V;4
417;3;3133;U16;;01/06 working mode(P1% Set);;1.0;0.0;%;4
418;3;3134;U16;;01/06 working mode(P2% Set);;1.0;0.0;%;4
419;3;3135;U16;;01/06 working mode(P3% Set);;1.0;0.0;%;4
420;3;3136;U16;;01/06 working mode(P4% Set);;1.0;0.0;%;4
421;3;3137;U16;;02 working mode V1Set;;0.1;0.0;V;4
422;3;3138;U16;;02 working mode V2Set;;0.1;0.0;V;4
423;3;3139;U16;;02 working mode V3Set;;0.1;0.0;V;4
424;3;3140;U16;;02 working mode V4Set;;0.1;0.0;V;4
425;3;3141;U16;;02 working mode(MaxLeadingVar%);;1.0;0.0;%;4
426;3;3142;U16;;02 working mode (MaxLaggingVar);;1.0;0.0;%;4
427;3;3143;U16;;05 working mode(Pb% Set);;1.0;0.0;%;4
428;3;3144;U16;;05 working mode(Pc% Set);;1.0;0.0;%;4
429;3;3145;U16;;05 working mode (PFcSet);;0.01;0.0;;4
430;3;3146;U16;;10mins over voltage;;0.1;0.0;V;4
431;3;3147;U16;;Power ramp rate (Wgra), general;;1.0;0.0;%;4
432;3;3148;U16;;Power ramp up rate;;1.0;0.0;%;4
433;3;3149;U16;;Power ramp down rate;;1.0;0.0;%;4
434;3;3150;U16;;Internal EPM Switch_1;;1.0;0.0;;4
435;3;3151;I16;;Internal EPM backflow power_1;;0.01;0.0;W;4
436;3;3152;U16;;Internal EPM failsafe switch_1;;1.0;0.0;;4
437;3;3239;U16;;IV curve starting setting;;1.0;0.0;;4
438;3;3240;U16;;IV curve start voltage;;1.0;0.0;V;4
439;3;3241;U16;;IV curve interval voltage;;1.0;0.0;V;4
440;3;3242;U16;;Get current IV curve number;;1.0;0.0;;4
441;3;3303;U16;;Special Function Control Word;;1.0;0.0;;4
442;3;3304;I16;;Grid V A compensation;;0.1;0.0;V;4
443;3;3305;I16;;Grid V B compensation;;0.1;0.0;V;4
444;3;3306;I16;;Grid V C compensation;;0.1;0.0;V;4
445;3;3307;I16;;Grid I A compensation;;0.1;0.0;A;4
446;3;3308;I16;;Grid I B compensation;;0.1;0.0;A;4
447;3;3309;I16;;Grid I C compensation;;0.1;0.0;A;4
448;3;36506;U16;;Slave Address;;1.0;0.0;;4
449;3;36507;U16;;CT ratio_1;;1.0;0.0;;4
450;3;36508;I16;;Backflow power;;1.0;0.0;;4
451;3;36509;U16;;Inverter number;;1.0;0.0;;4
452;3;36510;U16;;EPM mode;;1.0;0.0;;4
453;3;36511;U16;;FailSafe ON/OFF_1;;1.0;0.0;;4
454;3;36513;U16;;EPM data transmission Switch_1;;1.0;0.0;;4
