ModbusRTU;Inverter;Delta;M88H;;;;;;;
1;3;40000_2;STRING;;SunS;;1.0;0.0;;1
2;3;40002;U16;;Common_ID;;1.0;0.0;;4
3;3;40003;U16;;Common_L;;1.0;0.0;;4
4;3;40004_16;STRING;;Manufacturer;;1.0;0.0;;4
5;3;40020_16;STRING;;Model;;1.0;0.0;;4
6;3;40036_8;STRING;;Options;;1.0;0.0;;0
7;3;40044_8;STRING;;Version;;1.0;0.0;;4
8;3;40052_16;STRING;;Serial Number;;1.0;0.0;;4
9;3;40068;U16;;Device Address;;1.0;0.0;;4
10;3;40069;U16;;pad;;1.0;0.0;;4
11;3;40070;U16;;ID;;1.0;0.0;;4
12;3;40071;U16;;L;;1.0;0.0;;4
13;3;40072;U16;;A;;1.0;0.0;A;0
14;3;40073;U16;;AphA;;0.01;0.0;A;4
15;3;40074;U16;;AphB;;0.01;0.0;A;4
16;3;40075;U16;;AphC;;0.01;0.0;A;4
17;3;40076;I16;;A_SF;;1.0;0.0;;4
18;3;40077;U16;;PPVphAB;;1.0;0.0;V;0
19;3;40078;U16;;PPVphBC;;1.0;0.0;V;0
20;3;40079;U16;;PPVphCA;;1.0;0.0;V;0
21;3;40080;U16;;PhVphA;;0.1;0.0;V;4
22;3;40081;U16;;PhVphB;;0.1;0.0;V;4
23;3;40082;U16;;PhVphC;;0.1;0.0;V;4
24;3;40083;I16;;V_SF;;1.0;0.0;;4
25;3;40084;I16;;W;;10.0;0.0;W;4
26;3;40085;I16;;W_SF;;1.0;0.0;;4
27;3;40086;U16;;Hz;;0.01;0.0;Hz;4
28;3;40087;I16;;Hz_SF;;1.0;0.0;;4
29;3;40088;I16;;VA;;10.0;0.0;VA;4
30;3;40089;I16;;VA_SF;;1.0;0.0;;4
31;3;40090;I16;;VAr;;10.0;0.0;var;4
32;3;40091;I16;;VAr_SF;;1.0;0.0;;4
33;3;40092;I16;;PF;;0.01;0.0;Pct;4
34;3;40093;I16;;PF_SF;;1.0;0.0;;4
35;3;40094;I32;;WH;;0.01;0.0;kWh;4
36;3;40096;I16;;WH_SF;;1.0;0.0;;4
37;3;40097;U16;;DCA;;1.0;0.0;A;0
38;3;40098;I16;;DCA_SF;;1.0;0.0;;0
39;3;40099;U16;;DCV;;1.0;0.0;V;0
40;3;40100;I16;;DCV_SF;;1.0;0.0;;0
41;3;40101;I16;;DCW;;1.0;0.0;W;0
42;3;40102;I16;;DCW_SF;;1.0;0.0;;0
43;3;40103;I16;;TmpCab;;1.0;0.0;C;4
44;3;40104;I16;;TmpSnk;;1.0;0.0;C;4
45;3;40105;I16;;TmpTrns;;1.0;0.0;C;0
46;3;40106;I16;;TmpOt;;1.0;0.0;C;0
47;3;40107;I16;;Tmp_SF;;1.0;0.0;;0
48;3;40108;U16;;St;;1.0;0.0;;8
49;3;40109;U16;;StVnd;;1.0;0.0;;0
50;3;40110;U32;;Evt1;;1.0;0.0;;4
51;3;40112;U32;;Evt2;;1.0;0.0;;0
52;3;40114;U32;;EvtVnd1;;1.0;0.0;;4
53;3;40116;U32;;EvtVnd2;;1.0;0.0;;0
54;3;40118;U32;;EvtVnd3;;1.0;0.0;;0
55;3;40120;U32;;EvtVnd4;;1.0;0.0;;0
56;3;40122;U16;;ID;;1.0;0.0;;4
57;3;40123;U16;;L;;1.0;0.0;;4
58;3;40124;U16;;DERTyp;;1.0;0.0;;4
59;3;40125;U16;;WRtg;;1.0;0.0;W;4
60;3;40126;I16;;WRtg_SF;;1.0;0.0;;4
61;3;40127;U16;;VARtg;;1.0;0.0;VA;4
62;3;40128;I16;;VARtg_SF;;1.0;0.0;;4
63;3;40129;I16;;VArRtgQ1;;1.0;0.0;var;0
64;3;40130;I16;;VArRtgQ2;;1.0;0.0;var;4
65;3;40131;I16;;VArRtgQ3;;1.0;0.0;var;4
66;3;40132;I16;;VArRtgQ4;;1.0;0.0;var;0
67;3;40133;I16;;VArRtg_SF;;1.0;0.0;;4
68;3;40134;U16;;ARtg;;1.0;0.0;A;4
69;3;40135;I16;;ARtg_SF;;1.0;0.0;;4
70;3;40136;I16;;PFRtgQ1;;1.0;0.0;cos();0
71;3;40137;I16;;PFRtgQ2;;1.0;0.0;cos();4
72;3;40138;I16;;PFRtgQ3;;1.0;0.0;cos();4
73;3;40139;I16;;PFRtgQ4;;1.0;0.0;cos();0
74;3;40140;I16;;PFRtg_SF;;1.0;0.0;;4
75;3;40141;U16;;WHRtg;;1.0;0.0;Wh;0
76;3;40142;I16;;WHRtg_SF;;1.0;0.0;;0
77;3;40143;U16;;AhrRtg;;1.0;0.0;AH;0
78;3;40144;I16;;AhrRtg_SF;;1.0;0.0;;0
79;3;40145;U16;;MaxChaRte;;1.0;0.0;W;0
80;3;40146;I16;;MaxChaRte_SF;;1.0;0.0;;0
81;3;40147;U16;;MaxDisChaRte;;1.0;0.0;W;0
82;3;40148;I16;;MaxDisChaRte_SF;;1.0;0.0;;0
83;3;40149;U16;;Pad;;1.0;0.0;;4
84;3;40150;U16;;ID;;1.0;0.0;;4
85;3;40151;U16;;L;;1.0;0.0;;4
86;3;40152;U16;;WMax;;1.0;0.0;W;4
87;3;40153;U16;;VRef;;1.0;0.0;V;4
88;3;40154;I16;;VRefOfs;;1.0;0.0;V;0
89;3;40155;U16;;VMax;;1.0;0.0;V;0
90;3;40156;U16;;VMin;;1.0;0.0;V;0
91;3;40157;U16;;VAMax;;1.0;0.0;VA;0
92;3;40158;I16;;VArMaxQ1;;1.0;0.0;var;0
93;3;40159;I16;;VArMaxQ2;;1.0;0.0;var;0
94;3;40160;I16;;VArMaxQ3;;1.0;0.0;var;0
95;3;40161;I16;;VArMaxQ4;;1.0;0.0;var;0
96;3;40162;U16;;WGra;;1.0;0.0;% WMax/min;4
97;3;40163;I16;;PFMinQ1;;1.0;0.0;cos();0
98;3;40164;I16;;PFMinQ2;;1.0;0.0;cos();0
99;3;40165;I16;;PFMinQ3;;1.0;0.0;cos();0
100;3;40166;I16;;PFMinQ4;;1.0;0.0;cos();0
101;3;40167;U16;;VArAct;;1.0;0.0;;0
102;3;40168;U16;;ClcTotVA;;1.0;0.0;;0
103;3;40169;U16;;MaxRmpRte;;1.0;0.0;% WGra;0
104;3;40170;U16;;ECPNomHz;;1.0;0.0;Hz;0
105;3;40171;U16;;ConnPh;;1.0;0.0;;0
106;3;40172;I16;;WMax_SF;;1.0;0.0;;4
107;3;40173;I16;;VRef_SF;;1.0;0.0;;4
108;3;40174;I16;;VRefOfs_SF;;1.0;0.0;;0
109;3;40175;I16;;VMinMax_SF;;1.0;0.0;;0
110;3;40176;I16;;VAMax_SF;;1.0;0.0;;0
111;3;40177;I16;;VArMax_SF;;1.0;0.0;;0
112;3;40178;I16;;WGra_SF;;1.0;0.0;;4
113;3;40179;I16;;PFMin_SF;;1.0;0.0;;0
114;3;40180;I16;;MaxRmpRte_SF;;1.0;0.0;;0
115;3;40181;I16;;ECPNomHz_SF;;1.0;0.0;;0
116;3;40182;U16;;ID;;1.0;0.0;;4
117;3;40183;U16;;L;;1.0;0.0;;4
118;3;40184;U16;;PVConn;;1.0;0.0;;4
119;3;40185;U16;;StorConn;;1.0;0.0;;0
120;3;40186;U16;;ECPConn;;1.0;0.0;;0
121;3;40187;U64;;ActWh;;1.0;0.0;Wh;0
122;3;40191;U64;;ActVAh;;1.0;0.0;VAh;0
123;3;40195;U64;;ActVArhQ1;;1.0;0.0;varh;0
124;3;40199;U64;;ActVArhQ2;;1.0;0.0;varh;0
125;3;40203;U64;;ActVArhQ3;;1.0;0.0;varh;0
126;3;40207;U64;;ActVArhQ4;;1.0;0.0;varh;0
127;3;40211;I16;;VArAval;;1.0;0.0;var;0
128;3;40212;I16;;VArAval_SF;;1.0;0.0;;0
129;3;40213;U16;;WAval;;1.0;0.0;var;0
130;3;40214;I16;;WAval_SF;;1.0;0.0;;0
131;3;40215;U32;;StSetLimMsk;;1.0;0.0;;0
132;3;40217;U32;;StActCtl;;1.0;0.0;;4
133;3;40219_4;STRING;;TmSrc;;1.0;0.0;;0
134;3;40223;U32;;Tms;;1.0;0.0;Secs;0
135;3;40225;U16;;RtSt;;1.0;0.0;;0
136;3;40226;U16;;Ris;;1.0;0.0;ohms;4
137;3;40227;I16;;Ris_SF;;1.0;0.0;;4
138;3;40228;U16;;ID;;1.0;0.0;;4
139;3;40229;U16;;L;;1.0;0.0;;4
140;3;40230;U16;;Conn_WinTms;;1.0;0.0;Secs;0
141;3;40231;U16;;Conn_RvrtTms;;1.0;0.0;Secs;0
142;3;40232;U16;;Conn;;1.0;0.0;;4
143;3;40233;U16;;WMaxLimPct;;1.0;0.0;% WMax;4
144;3;40234;U16;;WMaxLimPct_WinTms;;1.0;0.0;Secs;0
145;3;40235;U16;;WMaxLimPct_RvrtTms;;1.0;0.0;Secs;0
146;3;40236;U16;;WMaxLimPct_RmpTms;;1.0;0.0;Secs;4
147;3;40237;U16;;WMaxLim_Ena;;1.0;0.0;;4
148;3;40238;I16;;OutPFSet;;1.0;0.0;cos();4
149;3;40239;U16;;OutPFSet_WinTms;;1.0;0.0;Secs;0
150;3;40240;U16;;OutPFSet_RvrtTms;;1.0;0.0;Secs;0
151;3;40241;U16;;OutPFSet_RmpTms;;1.0;0.0;Secs;4
152;3;40242;U16;;OutPFSet_Ena;;1.0;0.0;;4
153;3;40243;I16;;VArWMaxPct;;1.0;0.0;% WMax;4
154;3;40244;I16;;VArMaxPct;;1.0;0.0;% VArMax;0
155;3;40245;I16;;VArAvalPct;;1.0;0.0;% VArAval;0
156;3;40246;U16;;VArPct_WinTms;;1.0;0.0;Secs;0
157;3;40247;U16;;VArPct_RvrtTms;;1.0;0.0;Secs;0
158;3;40248;U16;;VArPct_RmpTms;;1.0;0.0;Secs;4
159;3;40249;U16;;VArPct_Mod;;1.0;0.0;;4
160;3;40250;U16;;VArPct_Ena;;1.0;0.0;;4
161;3;40251;I16;;WMaxLimPct_SF;;1.0;0.0;;4
162;3;40252;I16;;OutPFSet_SF;;1.0;0.0;;4
163;3;40253;I16;;VArPct_SF;;1.0;0.0;;4
164;3;40254;U16;;ID;;1.0;0.0;;4
165;3;40255;U16;;L;;1.0;0.0;;4
166;3;40256;U16;;ActCrv;;1.0;0.0;;4
167;3;40257;U16;;ModEna;;1.0;0.0;;4
168;3;40258;U16;;WinTms;;1.0;0.0;Secs;0
169;3;40259;U16;;RvrtTms;;1.0;0.0;Secs;0
170;3;40260;U16;;RmpTms;;1.0;0.0;Secs;4
171;3;40261;U16;;NCrv;;1.0;0.0;;4
172;3;40262;U16;;NPt;;1.0;0.0;;4
173;3;40263;I16;;V_SF;;1.0;0.0;;4
174;3;40264;I16;;DeptRef_SF;;1.0;0.0;;4
175;3;40265;I16;;RmpIncDec_SF;;1.0;0.0;;0
176;3;40266;U16;;ActPt;;1.0;0.0;;4
177;3;40267;U16;;DeptRef;;1.0;0.0;;4
178;3;40268;U16;;V1;;1.0;0.0;% VRef;4
179;3;40269;I16;;VAr1;;1.0;0.0;;4
180;3;40270;U16;;V2;;1.0;0.0;% VRef;4
181;3;40271;I16;;VAr2;;1.0;0.0;;4
182;3;40272;U16;;V3;;1.0;0.0;% VRef;4
183;3;40273;I16;;VAr3;;1.0;0.0;Various;4
184;3;40274;U16;;V4;;1.0;0.0;;4
185;3;40275;I16;;VAr4;;1.0;0.0;;4
186;3;40276;U16;;V5;;1.0;0.0;% VRef;0
187;3;40277;I16;;VAr5;;1.0;0.0;;0
188;3;40278;U16;;V6;;1.0;0.0;% VRef;0
189;3;40279;I16;;VAr6;;1.0;0.0;;0
190;3;40280;U16;;V7;;1.0;0.0;% VRef;0
191;3;40281;I16;;VAr7;;1.0;0.0;;0
192;3;40282;U16;;V8;;1.0;0.0;% VRef;0
193;3;40283;I16;;VAr8;;1.0;0.0;;0
194;3;40284;U16;;V9;;1.0;0.0;% VRef;0
195;3;40285;I16;;VAr9;;1.0;0.0;;0
196;3;40286;U16;;V10;;1.0;0.0;% VRef;0
197;3;40287;I16;;VAr10;;1.0;0.0;;0
198;3;40288;U16;;V11;;1.0;0.0;% VRef;0
199;3;40289;I16;;VAr11;;1.0;0.0;;0
200;3;40290;U16;;V12;;1.0;0.0;% VRef;0
201;3;40291;I16;;VAr12;;1.0;0.0;;0
202;3;40292;U16;;V13;;1.0;0.0;% VRef;0
203;3;40293;I16;;VAr13;;1.0;0.0;;0
204;3;40294;U16;;V14;;1.0;0.0;% VRef;0
205;3;40295;I16;;VAr14;;1.0;0.0;;0
206;3;40296;U16;;V15;;1.0;0.0;% VRef;0
207;3;40297;I16;;VAr15;;1.0;0.0;;0
208;3;40298;U16;;V16;;1.0;0.0;% VRef;0
209;3;40299;I16;;VAr16;;1.0;0.0;;0
210;3;40300;U16;;V17;;1.0;0.0;% VRef;0
211;3;40301;I16;;VAr17;;1.0;0.0;;0
212;3;40302;U16;;V18;;1.0;0.0;% VRef;0
213;3;40303;I16;;VAr18;;1.0;0.0;;0
214;3;40304;U16;;V19;;1.0;0.0;% VRef;0
215;3;40305;I16;;VAr19;;1.0;0.0;;0
216;3;40306;U16;;V20;;1.0;0.0;% VRef;0
217;3;40307;I16;;VAr20;;1.0;0.0;;0
218;3;40308_8;STRING;;CrvNam;;1.0;0.0;;0
219;3;40316;U16;;RmpTms;;1.0;0.0;Secs;0
220;3;40317;U16;;RmpDecTmm;;1.0;0.0;% ref_value/min;0
221;3;40318;U16;;RmpIncTmm;;1.0;0.0;% ref_value/min;0
222;3;40319;U16;;ReadOnly;;1.0;0.0;;4
223;3;40320;U16;;ID;;1.0;0.0;;4
224;3;40321;U16;;L;;1.0;0.0;;4
225;3;40322;U16;;WGra;;1.0;0.0;% PM/Hz;4
226;3;40323;I16;;HzStr;;1.0;0.0;Hz;4
227;3;40324;I16;;HzStop;;1.0;0.0;Hz;4
228;3;40325;U16;;HysEna;;1.0;0.0;;0
229;3;40326;U16;;ModEna;;1.0;0.0;;4
230;3;40327;U16;;HzStopWGra;;1.0;0.0;% WMax/min;4
231;3;40328;I16;;WGra_SF;;1.0;0.0;;4
232;3;40329;I16;;HzStrStop_SF;;1.0;0.0;;4
233;3;40330;I16;;RmpIncDec_SF;;1.0;0.0;;4
234;3;40331;U16;;Pad;;1.0;0.0;;4
235;3;40332;U16;;ID;;1.0;0.0;;4
236;3;40333;U16;;L;;1.0;0.0;;4
237;3;40334;U16;;ArGraMod;;1.0;0.0;;4
238;3;40335;U16;;ArGraSag;;1.0;0.0;%ARtg/%dV;4
239;3;40336;U16;;ArGraSwell;;1.0;0.0;%ARtg/%dV;4
240;3;40337;U16;;ModEna;;1.0;0.0;;4
241;3;40338;U16;;FilTms;;1.0;0.0;Secs;0
242;3;40339;U16;;DbVMin;;1.0;0.0;% VRef;4
243;3;40340;U16;;DbVMax;;1.0;0.0;% VRef;4
244;3;40341;U16;;BlkZnV;;1.0;0.0;% VRef;0
245;3;40342;U16;;HysBlkZnV;;1.0;0.0;% VRef;0
246;3;40343;U16;;BlkZnTmms;;1.0;0.0;mSecs;4
247;3;40344;U16;;HoldTmms;;1.0;0.0;mSecs;0
248;3;40345;I16;;ArGra_SF;;1.0;0.0;;4
249;3;40346;I16;;VRefPct_SF;;1.0;0.0;;4
250;3;40347;U16;;Pad;;1.0;0.0;;4
251;3;40348;U16;;ID;;1.0;0.0;;4
252;3;40349;U16;;L;;1.0;0.0;;4
253;3;40350;U16;;ActCrv;;1.0;0.0;;4
254;3;40351;U16;;ModEna;;1.0;0.0;;4
255;3;40352;U16;;WinTms;;1.0;0.0;Secs;0
256;3;40353;U16;;RvrtTms;;1.0;0.0;Secs;0
257;3;40354;U16;;RmpTms;;1.0;0.0;Secs;0
258;3;40355;U16;;NCrv;;1.0;0.0;;4
259;3;40356;U16;;NPt;;1.0;0.0;;4
260;3;40357;I16;;Tms_SF;;1.0;0.0;;4
261;3;40358;I16;;V_SF;;1.0;0.0;;4
262;3;40359;U16;;Pad;;1.0;0.0;;4
263;3;40360;U16;;ActPt;;1.0;0.0;;4
264;3;40361;U16;;Tms1;;1.0;0.0;Secs;4
265;3;40362;U16;;V1;;1.0;0.0;% VRef;4
266;3;40363;U16;;Tms2;;1.0;0.0;Secs;4
267;3;40364;U16;;V2;;1.0;0.0;% VRef;4
268;3;40365;U16;;Tms3;;1.0;0.0;Secs;4
269;3;40366;U16;;V3;;1.0;0.0;% VRef;4
270;3;40367;U16;;Tms4;;1.0;0.0;Secs;0
271;3;40368;U16;;V4;;1.0;0.0;% VRef;0
272;3;40369;U16;;Tms5;;1.0;0.0;Secs;0
273;3;40370;U16;;V5;;1.0;0.0;% VRef;0
274;3;40371;U16;;Tms6;;1.0;0.0;Secs;0
275;3;40372;U16;;V6;;1.0;0.0;% VRef;0
276;3;40373;U16;;Tms7;;1.0;0.0;Secs;0
277;3;40374;U16;;V7;;1.0;0.0;% VRef;0
278;3;40375;U16;;Tms8;;1.0;0.0;Secs;0
279;3;40376;U16;;V8;;1.0;0.0;% VRef;0
280;3;40377;U16;;Tms9;;1.0;0.0;Secs;0
281;3;40378;U16;;V9;;1.0;0.0;% VRef;0
282;3;40379;U16;;Tms10;;1.0;0.0;Secs;0
283;3;40380;U16;;V10;;1.0;0.0;% VRef;0
284;3;40381;U16;;Tms11;;1.0;0.0;Secs;0
285;3;40382;U16;;V11;;1.0;0.0;% VRef;0
286;3;40383;U16;;Tms12;;1.0;0.0;Secs;0
287;3;40384;U16;;V12;;1.0;0.0;% VRef;0
288;3;40385;U16;;Tms13;;1.0;0.0;Secs;0
289;3;40386;U16;;V13;;1.0;0.0;% VRef;0
290;3;40387;U16;;Tms14;;1.0;0.0;Secs;0
291;3;40388;U16;;V14;;1.0;0.0;% VRef;0
292;3;40389;U16;;Tms15;;1.0;0.0;Secs;0
293;3;40390;U16;;V15;;1.0;0.0;% VRef;0
294;3;40391;U16;;Tms16;;1.0;0.0;Secs;0
295;3;40392;U16;;V16;;1.0;0.0;% VRef;0
296;3;40393;U16;;Tms17;;1.0;0.0;Secs;0
297;3;40394;U16;;V17;;1.0;0.0;% VRef;0
298;3;40395;U16;;Tms18;;1.0;0.0;Secs;0
299;3;40396;U16;;V18;;1.0;0.0;% VRef;0
300;3;40397;U16;;Tms19;;1.0;0.0;Secs;0
301;3;40398;U16;;V19;;1.0;0.0;% VRef;0
302;3;40399;U16;;Tms20;;1.0;0.0;Secs;0
303;3;40400;U16;;V20;;1.0;0.0;% VRef;0
304;3;40401_8;STRING;;CrvNam;;1.0;0.0;;0
305;3;40409;U16;;ReadOnly;;1.0;0.0;;4
306;3;40410;U16;;ID;;1.0;0.0;;4
307;3;40411;U16;;L;;1.0;0.0;;4
308;3;40412;U16;;ActCrv;;1.0;0.0;;4
309;3;40413;U16;;ModEna;;1.0;0.0;;4
310;3;40414;U16;;WinTms;;1.0;0.0;Secs;0
311;3;40415;U16;;RvrtTms;;1.0;0.0;Secs;0
312;3;40416;U16;;RmpTms;;1.0;0.0;Secs;0
313;3;40417;U16;;NCrv;;1.0;0.0;;4
314;3;40418;U16;;NPt;;1.0;0.0;;4
315;3;40419;I16;;Tms_SF;;1.0;0.0;;4
316;3;40420;I16;;V_SF;;1.0;0.0;;4
317;3;40421;U16;;Pad;;1.0;0.0;;4
318;3;40422;U16;;ActPt;;1.0;0.0;;4
319;3;40423;U16;;Tms1;;1.0;0.0;Secs;4
320;3;40424;U16;;V1;;1.0;0.0;% VRef;4
321;3;40425;U16;;Tms2;;1.0;0.0;Secs;4
322;3;40426;U16;;V2;;1.0;0.0;% VRef;4
323;3;40427;U16;;Tms3;;1.0;0.0;Secs;0
324;3;40428;U16;;V3;;1.0;0.0;% VRef;0
325;3;40429;U16;;Tms4;;1.0;0.0;Secs;0
326;3;40430;U16;;V4;;1.0;0.0;% VRef;0
327;3;40431;U16;;Tms5;;1.0;0.0;Secs;0
328;3;40432;U16;;V5;;1.0;0.0;% VRef;0
329;3;40433;U16;;Tms6;;1.0;0.0;Secs;0
330;3;40434;U16;;V6;;1.0;0.0;% VRef;0
331;3;40435;U16;;Tms7;;1.0;0.0;Secs;0
332;3;40436;U16;;V7;;1.0;0.0;% VRef;0
333;3;40437;U16;;Tms8;;1.0;0.0;Secs;0
334;3;40438;U16;;V8;;1.0;0.0;% VRef;0
335;3;40439;U16;;Tms9;;1.0;0.0;Secs;0
336;3;40440;U16;;V9;;1.0;0.0;% VRef;0
337;3;40441;U16;;Tms10;;1.0;0.0;Secs;0
338;3;40442;U16;;V10;;1.0;0.0;% VRef;0
339;3;40443;U16;;Tms11;;1.0;0.0;Secs;0
340;3;40444;U16;;V11;;1.0;0.0;% VRef;0
341;3;40445;U16;;Tms12;;1.0;0.0;Secs;0
342;3;40446;U16;;V12;;1.0;0.0;% VRef;0
343;3;40447;U16;;Tms13;;1.0;0.0;Secs;0
344;3;40448;U16;;V13;;1.0;0.0;% VRef;0
345;3;40449;U16;;Tms14;;1.0;0.0;Secs;0
346;3;40450;U16;;V14;;1.0;0.0;% VRef;0
347;3;40451;U16;;Tms15;;1.0;0.0;Secs;0
348;3;40452;U16;;V15;;1.0;0.0;% VRef;0
349;3;40453;U16;;Tms16;;1.0;0.0;Secs;0
350;3;40454;U16;;V16;;1.0;0.0;% VRef;0
351;3;40455;U16;;Tms17;;1.0;0.0;Secs;0
352;3;40456;U16;;V17;;1.0;0.0;% VRef;0
353;3;40457;U16;;Tms18;;1.0;0.0;Secs;0
354;3;40458;U16;;V18;;1.0;0.0;% VRef;0
355;3;40459;U16;;Tms19;;1.0;0.0;Secs;0
356;3;40460;U16;;V19;;1.0;0.0;% VRef;0
357;3;40461;U16;;Tms20;;1.0;0.0;Secs;0
358;3;40462;U16;;V20;;1.0;0.0;% VRef;0
359;3;40463_8;STRING;;CrvNam;;1.0;0.0;;0
360;3;40471;U16;;ReadOnly;;1.0;0.0;;4
361;3;40472;U16;;ID;;1.0;0.0;;4
362;3;40473;U16;;L;;1.0;0.0;;4
363;3;40474;U16;;ActCrv;;1.0;0.0;;4
364;3;40475;U16;;ModEna;;1.0;0.0;;4
365;3;40476;U16;;WinTms;;1.0;0.0;Secs;0
366;3;40477;U16;;RvrtTms;;1.0;0.0;Secs;0
367;3;40478;U16;;RmpTms;;1.0;0.0;Secs;0
368;3;40479;U16;;NCrv;;1.0;0.0;;4
369;3;40480;U16;;NPt;;1.0;0.0;;4
370;3;40481;I16;;W_SF;;1.0;0.0;;4
371;3;40482;I16;;PF_SF;;1.0;0.0;;4
372;3;40483;I16;;RmpIncDec_SF;;1.0;0.0;;0
373;3;40484;U16;;ActPt;;1.0;0.0;;4
374;3;40485;I16;;W1;;1.0;0.0;% WMax;4
375;3;40486;I16;;PF1;;1.0;0.0;cos();4
376;3;40487;I16;;W2;;1.0;0.0;% WMax;4
377;3;40488;I16;;PF2;;1.0;0.0;cos();4
378;3;40489;I16;;W3;;1.0;0.0;% WMax;0
379;3;40490;I16;;PF3;;1.0;0.0;cos();0
380;3;40491;I16;;W4;;1.0;0.0;% WMax;0
381;3;40492;I16;;PF4;;1.0;0.0;cos();0
382;3;40493;I16;;W5;;1.0;0.0;% WMax;0
383;3;40494;I16;;PF5;;1.0;0.0;cos();0
384;3;40495;I16;;W6;;1.0;0.0;% WMax;0
385;3;40496;I16;;PF6;;1.0;0.0;cos();0
386;3;40497;I16;;W7;;1.0;0.0;% WMax;0
387;3;40498;I16;;PF7;;1.0;0.0;cos();0
388;3;40499;I16;;W8;;1.0;0.0;% WMax;0
389;3;40500;I16;;PF8;;1.0;0.0;cos();0
390;3;40501;I16;;W9;;1.0;0.0;% WMax;0
391;3;40502;I16;;PF9;;1.0;0.0;cos();0
392;3;40503;I16;;W10;;1.0;0.0;% WMax;0
393;3;40504;I16;;PF10;;1.0;0.0;cos();0
394;3;40505;I16;;W11;;1.0;0.0;% WMax;0
395;3;40506;I16;;PF11;;1.0;0.0;cos();0
396;3;40507;I16;;W12;;1.0;0.0;% WMax;0
397;3;40508;I16;;PF12;;1.0;0.0;cos();0
398;3;40509;I16;;W13;;1.0;0.0;% WMax;0
399;3;40510;I16;;PF13;;1.0;0.0;cos();0
400;3;40511;I16;;W14;;1.0;0.0;% WMax;0
401;3;40512;I16;;PF14;;1.0;0.0;cos();0
402;3;40513;I16;;W15;;1.0;0.0;% WMax;0
403;3;40514;I16;;PF15;;1.0;0.0;cos();0
404;3;40515;I16;;W16;;1.0;0.0;% WMax;0
405;3;40516;I16;;PF16;;1.0;0.0;cos();0
406;3;40517;I16;;W17;;1.0;0.0;% WMax;0
407;3;40518;I16;;PF17;;1.0;0.0;cos();0
408;3;40519;I16;;W18;;1.0;0.0;% WMax;0
409;3;40520;I16;;PF18;;1.0;0.0;cos();0
410;3;40521;I16;;W19;;1.0;0.0;% WMax;0
411;3;40522;I16;;PF19;;1.0;0.0;cos();0
412;3;40523;I16;;W20;;1.0;0.0;% WMax;0
413;3;40524;I16;;PF20;;1.0;0.0;cos();0
414;3;40525_8;STRING;;CrvNam;;1.0;0.0;;0
415;3;40533;U16;;RmpPT1Tms;;1.0;0.0;Secs;4
416;3;40534;U16;;RmpDecTmm;;1.0;0.0;% PF/min;0
417;3;40535;U16;;RmpIncTmm;;1.0;0.0;% PF/min;0
418;3;40536;U16;;ReadOnly;;1.0;0.0;;4
419;3;40537;U16;;Pad;;1.0;0.0;;4
420;3;40538;U16;;ID;;1.0;0.0;;4
421;3;40539;U16;;L;;1.0;0.0;;4
422;3;40540;U16;;ActCrv;;1.0;0.0;;4
423;3;40541;U16;;ModEna;;1.0;0.0;;4
424;3;40542;U16;;WinTms;;1.0;0.0;Secs;0
425;3;40543;U16;;RvrtTms;;1.0;0.0;Secs;0
426;3;40544;U16;;RmpTms;;1.0;0.0;Secs;0
427;3;40545;U16;;NCrv;;1.0;0.0;;4
428;3;40546;U16;;NPt;;1.0;0.0;;4
429;3;40547;I16;;V_SF;;1.0;0.0;;4
430;3;40548;I16;;DeptRef_SF;;1.0;0.0;;4
431;3;40549;I16;;RmpIncDec_SF;;1.0;0.0;;0
432;3;40550;U16;;ActPt;;1.0;0.0;;4
433;3;40551;U16;;DeptRef;;1.0;0.0;;4
434;3;40552;U16;;V1;;1.0;0.0;% VRef;4
435;3;40553;I16;;W1;;1.0;0.0;% VRef;4
436;3;40554;U16;;V2;;1.0;0.0;% VRef;4
437;3;40555;I16;;W2;;1.0;0.0;% VRef;4
438;3;40556;U16;;V3;;1.0;0.0;% VRef;0
439;3;40557;I16;;W3;;1.0;0.0;% VRef;0
440;3;40558;U16;;V4;;1.0;0.0;% VRef;0
441;3;40559;I16;;W4;;1.0;0.0;% VRef;0
442;3;40560;U16;;V5;;1.0;0.0;% VRef;0
443;3;40561;I16;;W5;;1.0;0.0;% VRef;0
444;3;40562;U16;;V6;;1.0;0.0;% VRef;0
445;3;40563;I16;;W6;;1.0;0.0;% VRef;0
446;3;40564;U16;;V7;;1.0;0.0;% VRef;0
447;3;40565;I16;;W7;;1.0;0.0;% VRef;0
448;3;40566;U16;;V8;;1.0;0.0;% VRef;0
449;3;40567;I16;;W8;;1.0;0.0;% VRef;0
450;3;40568;U16;;V9;;1.0;0.0;% VRef;0
451;3;40569;I16;;W9;;1.0;0.0;% VRef;0
452;3;40570;U16;;V10;;1.0;0.0;% VRef;0
453;3;40571;I16;;W10;;1.0;0.0;% VRef;0
454;3;40572;U16;;V11;;1.0;0.0;% VRef;0
455;3;40573;I16;;W11;;1.0;0.0;% VRef;0
456;3;40574;U16;;V12;;1.0;0.0;% VRef;0
457;3;40575;I16;;W12;;1.0;0.0;% VRef;0
458;3;40576;U16;;V13;;1.0;0.0;% VRef;0
459;3;40577;I16;;W13;;1.0;0.0;% VRef;0
460;3;40578;U16;;V14;;1.0;0.0;% VRef;0
461;3;40579;I16;;W14;;1.0;0.0;% VRef;0
462;3;40580;U16;;V15;;1.0;0.0;% VRef;0
463;3;40581;I16;;W15;;1.0;0.0;% VRef;0
464;3;40582;U16;;V16;;1.0;0.0;% VRef;0
465;3;40583;I16;;W16;;1.0;0.0;% VRef;0
466;3;40584;U16;;V17;;1.0;0.0;% VRef;0
467;3;40585;I16;;W17;;1.0;0.0;% VRef;0
468;3;40586;U16;;V18;;1.0;0.0;% VRef;0
469;3;40587;I16;;W18;;1.0;0.0;% VRef;0
470;3;40588;U16;;V19;;1.0;0.0;% VRef;0
471;3;40589;I16;;W19;;1.0;0.0;% VRef;0
472;3;40590;U16;;V20;;1.0;0.0;% VRef;0
473;3;40591;I16;;W20;;1.0;0.0;% VRef;0
474;3;40592_8;STRING;;CrvNam;;1.0;0.0;;0
475;3;40600;U16;;RmpPt1Tms;;1.0;0.0;Secs;4
476;3;40601;U16;;RmpDecTmm;;1.0;0.0;% WMax/min;0
477;3;40602;U16;;RmpIncTmm;;1.0;0.0;% WMax/min;0
478;3;40603;U16;;ReadOnly;;1.0;0.0;;4
479;3;40604;U16;;ID;;1.0;0.0;;4
480;3;40605;U16;;L;;1.0;0.0;;4
481;3;40606;U16;;ActCrv;;1.0;0.0;;4
482;3;40607;U16;;ModEna;;1.0;0.0;;4
483;3;40608;U16;;WinTms;;1.0;0.0;Secs;0
484;3;40609;U16;;RvrtTms;;1.0;0.0;Secs;0
485;3;40610;U16;;RmpTms;;1.0;0.0;Secs;0
486;3;40611;U16;;NCrv;;1.0;0.0;;4
487;3;40612;U16;;NPt;;1.0;0.0;;4
488;3;40613;I16;;Tms_SF;;1.0;0.0;;4
489;3;40614;I16;;Hz_SF;;1.0;0.0;;4
490;3;40615;U16;;Pad;;1.0;0.0;;4
491;3;40616;U16;;ActPt;;1.0;0.0;;4
492;3;40617;U16;;Tms1;;1.0;0.0;Secs;4
493;3;40618;U16;;Hz1;;1.0;0.0;Hz;4
494;3;40619;U16;;Tms2;;1.0;0.0;Secs;4
495;3;40620;U16;;Hz2;;1.0;0.0;Hz;4
496;3;40621;U16;;Tms3;;1.0;0.0;Secs;0
497;3;40622;U16;;Hz3;;1.0;0.0;Hz;0
498;3;40623;U16;;Tms4;;1.0;0.0;Secs;0
499;3;40624;U16;;Hz4;;1.0;0.0;Hz;0
500;3;40625;U16;;Tms5;;1.0;0.0;Secs;0
501;3;40626;U16;;Hz5;;1.0;0.0;Hz;0
502;3;40627;U16;;Tms6;;1.0;0.0;Secs;0
503;3;40628;U16;;Hz6;;1.0;0.0;Hz;0
504;3;40629;U16;;Tms7;;1.0;0.0;Secs;0
505;3;40630;U16;;Hz7;;1.0;0.0;Hz;0
506;3;40631;U16;;Tms8;;1.0;0.0;Secs;0
507;3;40632;U16;;Hz8;;1.0;0.0;Hz;0
508;3;40633;U16;;Tms9;;1.0;0.0;Secs;0
509;3;40634;U16;;Hz9;;1.0;0.0;Hz;0
510;3;40635;U16;;Tms10;;1.0;0.0;Secs;0
511;3;40636;U16;;Hz10;;1.0;0.0;Hz;0
512;3;40637;U16;;Tms11;;1.0;0.0;Secs;0
513;3;40638;U16;;Hz11;;1.0;0.0;Hz;0
514;3;40639;U16;;Tms12;;1.0;0.0;Secs;0
515;3;40640;U16;;Hz12;;1.0;0.0;Hz;0
516;3;40641;U16;;Tms13;;1.0;0.0;Secs;0
517;3;40642;U16;;Hz13;;1.0;0.0;Hz;0
518;3;40643;U16;;Tms14;;1.0;0.0;Secs;0
519;3;40644;U16;;Hz14;;1.0;0.0;Hz;0
520;3;40645;U16;;Tms15;;1.0;0.0;Secs;0
521;3;40646;U16;;Hz15;;1.0;0.0;Hz;0
522;3;40647;U16;;Tms16;;1.0;0.0;Secs;0
523;3;40648;U16;;Hz16;;1.0;0.0;Hz;0
524;3;40649;U16;;Tms17;;1.0;0.0;Secs;0
525;3;40650;U16;;Hz17;;1.0;0.0;Hz;0
526;3;40651;U16;;Tms18;;1.0;0.0;Secs;0
527;3;40652;U16;;Hz18;;1.0;0.0;Hz;0
528;3;40653;U16;;Tms19;;1.0;0.0;Secs;0
529;3;40654;U16;;Hz19;;1.0;0.0;Hz;0
530;3;40655;U16;;Tms20;;1.0;0.0;Secs;0
531;3;40656;U16;;Hz20;;1.0;0.0;Hz;0
532;3;40657_8;STRING;;CrvNam;;1.0;0.0;;0
533;3;40665;U16;;ReadOnly;;1.0;0.0;;4
534;3;40666;U16;;ID;;1.0;0.0;;4
535;3;40667;U16;;L;;1.0;0.0;;4
536;3;40668;U16;;ActCrv;;1.0;0.0;;4
537;3;40669;U16;;ModEna;;1.0;0.0;;4
538;3;40670;U16;;WinTms;;1.0;0.0;Secs;0
539;3;40671;U16;;RvrtTms;;1.0;0.0;Secs;0
540;3;40672;U16;;RmpTms;;1.0;0.0;Secs;0
541;3;40673;U16;;NCrv;;1.0;0.0;;4
542;3;40674;U16;;NPt;;1.0;0.0;;4
543;3;40675;I16;;Tms_SF;;1.0;0.0;;4
544;3;40676;I16;;Hz_SF;;1.0;0.0;;4
545;3;40677;U16;;Pad;;1.0;0.0;;4
546;3;40678;U16;;ActPt;;1.0;0.0;;4
547;3;40679;U16;;Tms1;;1.0;0.0;Secs;4
548;3;40680;U16;;Hz1;;1.0;0.0;Hz;4
549;3;40681;U16;;Tms2;;1.0;0.0;Secs;4
550;3;40682;U16;;Hz2;;1.0;0.0;Hz;4
551;3;40683;U16;;Tms3;;1.0;0.0;Secs;0
552;3;40684;U16;;Hz3;;1.0;0.0;Hz;0
553;3;40685;U16;;Tms4;;1.0;0.0;Secs;0
554;3;40686;U16;;Hz4;;1.0;0.0;Hz;0
555;3;40687;U16;;Tms5;;1.0;0.0;Secs;0
556;3;40688;U16;;Hz5;;1.0;0.0;Hz;0
557;3;40689;U16;;Tms6;;1.0;0.0;Secs;0
558;3;40690;U16;;Hz6;;1.0;0.0;Hz;0
559;3;40691;U16;;Tms7;;1.0;0.0;Secs;0
560;3;40692;U16;;Hz7;;1.0;0.0;Hz;0
561;3;40693;U16;;Tms8;;1.0;0.0;Secs;0
562;3;40694;U16;;Hz8;;1.0;0.0;Hz;0
563;3;40695;U16;;Tms9;;1.0;0.0;Secs;0
564;3;40696;U16;;Hz9;;1.0;0.0;Hz;0
565;3;40697;U16;;Tms10;;1.0;0.0;Secs;0
566;3;40698;U16;;Hz10;;1.0;0.0;Hz;0
567;3;40699;U16;;Tms11;;1.0;0.0;Secs;0
568;3;40700;U16;;Hz11;;1.0;0.0;Hz;0
569;3;40701;U16;;Tms12;;1.0;0.0;Secs;0
570;3;40702;U16;;Hz12;;1.0;0.0;Hz;0
571;3;40703;U16;;Tms13;;1.0;0.0;Secs;0
572;3;40704;U16;;Hz13;;1.0;0.0;Hz;0
573;3;40705;U16;;Tms14;;1.0;0.0;Secs;0
574;3;40706;U16;;Hz14;;1.0;0.0;Hz;0
575;3;40707;U16;;Tms15;;1.0;0.0;Secs;0
576;3;40708;U16;;Hz15;;1.0;0.0;Hz;0
577;3;40709;U16;;Tms16;;1.0;0.0;Secs;0
578;3;40710;U16;;Hz16;;1.0;0.0;Hz;0
579;3;40711;U16;;Tms17;;1.0;0.0;Secs;0
580;3;40712;U16;;Hz17;;1.0;0.0;Hz;0
581;3;40713;U16;;Tms18;;1.0;0.0;Secs;0
582;3;40714;U16;;Hz18;;1.0;0.0;Hz;0
583;3;40715;U16;;Tms19;;1.0;0.0;Secs;0
584;3;40716;U16;;Hz19;;1.0;0.0;Hz;0
585;3;40717;U16;;Tms20;;1.0;0.0;Secs;0
586;3;40718;U16;;Hz20;;1.0;0.0;Hz;0
587;3;40719_8;STRING;;CrvNam;;1.0;0.0;;0
588;3;40727;U16;;ReadOnly;;1.0;0.0;;4
589;3;40728;U16;;ID;;1.0;0.0;;4
590;3;40729;U16;;L;;1.0;0.0;;4
591;3;40730;U16;;ActCrv;;1.0;0.0;;4
592;3;40731;U16;;ModEna;;1.0;0.0;;4
593;3;40732;U16;;WinTms;;1.0;0.0;Secs;0
594;3;40733;U16;;RvrtTms;;1.0;0.0;Secs;0
595;3;40734;U16;;RmpTms;;1.0;0.0;Secs;0
596;3;40735;U16;;NCrv;;1.0;0.0;;4
597;3;40736;U16;;NPt;;1.0;0.0;;4
598;3;40737;I16;;Tms_SF;;1.0;0.0;;4
599;3;40738;I16;;Hz_SF;;1.0;0.0;;4
600;3;40739;U16;;Pad;;1.0;0.0;;4
601;3;40740;U16;;ActPt;;1.0;0.0;;4
602;3;40741;U16;;Tms1;;1.0;0.0;Secs;4
603;3;40742;U16;;Hz1;;1.0;0.0;Hz;4
604;3;40743;U16;;Tms2;;1.0;0.0;Secs;4
605;3;40744;U16;;Hz2;;1.0;0.0;Hz;4
606;3;40745;U16;;Tms3;;1.0;0.0;Secs;0
607;3;40746;U16;;Hz3;;1.0;0.0;Hz;0
608;3;40747;U16;;Tms4;;1.0;0.0;Secs;0
609;3;40748;U16;;Hz4;;1.0;0.0;Hz;0
610;3;40749;U16;;Tms5;;1.0;0.0;Secs;0
611;3;40750;U16;;Hz5;;1.0;0.0;Hz;0
612;3;40751;U16;;Tms6;;1.0;0.0;Secs;0
613;3;40752;U16;;Hz6;;1.0;0.0;Hz;0
614;3;40753;U16;;Tms7;;1.0;0.0;Secs;0
615;3;40754;U16;;Hz7;;1.0;0.0;Hz;0
616;3;40755;U16;;Tms8;;1.0;0.0;Secs;0
617;3;40756;U16;;Hz8;;1.0;0.0;Hz;0
618;3;40757;U16;;Tms9;;1.0;0.0;Secs;0
619;3;40758;U16;;Hz9;;1.0;0.0;Hz;0
620;3;40759;U16;;Tms10;;1.0;0.0;Secs;0
621;3;40760;U16;;Hz10;;1.0;0.0;Hz;0
622;3;40761;U16;;Tms11;;1.0;0.0;Secs;0
623;3;40762;U16;;Hz11;;1.0;0.0;Hz;0
624;3;40763;U16;;Tms12;;1.0;0.0;Secs;0
625;3;40764;U16;;Hz12;;1.0;0.0;Hz;0
626;3;40765;U16;;Tms13;;1.0;0.0;Secs;0
627;3;40766;U16;;Hz13;;1.0;0.0;Hz;0
628;3;40767;U16;;Tms14;;1.0;0.0;Secs;0
629;3;40768;U16;;Hz14;;1.0;0.0;Hz;0
630;3;40769;U16;;Tms15;;1.0;0.0;Secs;0
631;3;40770;U16;;Hz15;;1.0;0.0;Hz;0
632;3;40771;U16;;Tms16;;1.0;0.0;Secs;0
633;3;40772;U16;;Hz16;;1.0;0.0;Hz;0
634;3;40773;U16;;Tms17;;1.0;0.0;Secs;0
635;3;40774;U16;;Hz17;;1.0;0.0;Hz;0
636;3;40775;U16;;Tms18;;1.0;0.0;Secs;0
637;3;40776;U16;;Hz18;;1.0;0.0;Hz;0
638;3;40777;U16;;Tms19;;1.0;0.0;Secs;0
639;3;40778;U16;;Hz19;;1.0;0.0;Hz;0
640;3;40779;U16;;Tms20;;1.0;0.0;Secs;0
