modbusRTU;inverter;Delta;RPI-M50A
1;3;40002;I16;;1_tableId;;1.000000;0.000000;;1
2;3;40003;I16;;1_tableSize;;1.000000;0.000000;;1
3;3;40004_32;STRING;;1_Mn;;1.000000;0.000000;;1
4;3;40020_32;STRING;;1_Md;DisplayModel;1.000000;0.000000;;1
5;3;40036_16;STRING;;1_Opt;;1.000000;0.000000;;1
6;3;40044_16;STRING;;1_Vr;;1.000000;0.000000;;1
7;3;40052_32;STRING;;1_SN;DisplaySerialNumber;1.000000;0.000000;;1
8;3;40068;U16;;1_DA;;1.000000;0.000000;;1
10;3;40070;I16;;103_tableId;;1.000000;0.000000;;1
11;3;40071;I16;;103_tableSize;;1.000000;0.000000;;1
12;3;40072;U16;103_A_SF;103_A;;1.000000;0.000000;A;4
13;3;40073;U16;103_A_SF;103_AphA;;1.000000;0.000000;A;4
14;3;40074;U16;103_A_SF;103_AphB;;1.000000;0.000000;A;4
15;3;40075;U16;103_A_SF;103_AphC;;1.000000;0.000000;A;4
16;3;40076;I16;;103_A_SF;;1.000000;0.000000;;4
17;3;40077;U16;103_V_SF;103_PPVphAB;;1.000000;0.000000;V;4
18;3;40078;U16;103_V_SF;103_PPVphBC;;1.000000;0.000000;V;4
19;3;40079;U16;103_V_SF;103_PPVphCA;;1.000000;0.000000;V;4
20;3;40080;U16;103_V_SF;103_PhVphA;;1.000000;0.000000;V;4
21;3;40081;U16;103_V_SF;103_PhVphB;;1.000000;0.000000;V;4
22;3;40082;U16;103_V_SF;103_PhVphC;;1.000000;0.000000;V;4
23;3;40083;I16;;103_V_SF;;1.000000;0.000000;;4
24;3;40084;I16;103_W_SF;103_W;;1.000000;0.000000;W;4
25;3;40085;I16;;103_W_SF;;1.000000;0.000000;;4
26;3;40086;U16;103_Hz_SF;103_Hz;;1.000000;0.000000;Hz;4
27;3;40087;I16;;103_Hz_SF;;1.000000;0.000000;;4
28;3;40088;I16;103_VA_SF;103_VA;;1.000000;0.000000;VA;4
29;3;40089;I16;;103_VA_SF;;1.000000;0.000000;;4
30;3;40090;I16;103_VAr_SF;103_VAr;;1.000000;0.000000;var;4
31;3;40091;I16;;103_VAr_SF;;1.000000;0.000000;;4
32;3;40092;I16;103_PF_SF;103_PF;;1.000000;0.000000;Pct;4
33;3;40093;I16;;103_PF_SF;;1.000000;0.000000;;4
34;3;40094;U32;103_WH_SF;103_WH;;1.000000;0.000000;Wh;4
35;3;40096;I16;;103_WH_SF;;1.000000;0.000000;;4
36;3;40097;U16;103_DCA_SF;103_DCA;;1.000000;0.000000;A;4
37;3;40098;I16;;103_DCA_SF;;1.000000;0.000000;;4
38;3;40099;U16;103_DCV_SF;103_DCV;;1.000000;0.000000;V;4
39;3;40100;I16;;103_DCV_SF;;1.000000;0.000000;;4
40;3;40101;I16;103_DCW_SF;103_DCW;;1.000000;0.000000;W;4
41;3;40102;I16;;103_DCW_SF;;1.000000;0.000000;;4
42;3;40103;I16;103_Tmp_SF;103_TmpCab;;1.000000;0.000000;C;4
43;3;40104;I16;103_Tmp_SF;103_TmpSnk;;1.000000;0.000000;C;4
44;3;40105;I16;103_Tmp_SF;103_TmpTrns;;1.000000;0.000000;C;4
45;3;40106;I16;103_Tmp_SF;103_TmpOt;;1.000000;0.000000;C;4
46;3;40107;I16;;103_Tmp_SF;;1.000000;0.000000;;4
47;3;40108;U16;;103_St;;1.000000;0.000000;;4
48;3;40109;U16;;103_StVnd;;1.000000;0.000000;;4
49;3;40110;U32;;103_Evt1;;1.000000;0.000000;;4
50;3;40112;U32;;103_Evt2;;1.000000;0.000000;;4
51;3;40114;U32;;103_EvtVnd1;;1.000000;0.000000;;4
52;3;40116;U32;;103_EvtVnd2;;1.000000;0.000000;;4
53;3;40118;U32;;103_EvtVnd3;;1.000000;0.000000;;4
54;3;40120;U32;;103_EvtVnd4;;1.000000;0.000000;;4
55;3;40122;I16;;120_tableId;;1.000000;0.000000;;1
56;3;40123;I16;;120_tableSize;;1.000000;0.000000;;1
57;3;40124;U16;;120_DERTyp;;1.000000;0.000000;;1
58;3;40125;U16;120_WRtg_SF;120_WRtg;;1.000000;0.000000;W;1
59;3;40126;I16;;120_WRtg_SF;;1.000000;0.000000;;1
60;3;40127;U16;120_VARtg_SF;120_VARtg;;1.000000;0.000000;VA;1
61;3;40128;I16;;120_VARtg_SF;;1.000000;0.000000;;1
62;3;40129;I16;120_VArRtg_SF;120_VArRtgQ1;;1.000000;0.000000;var;1
63;3;40130;I16;120_VArRtg_SF;120_VArRtgQ2;;1.000000;0.000000;var;1
64;3;40131;I16;120_VArRtg_SF;120_VArRtgQ3;;1.000000;0.000000;var;1
65;3;40132;I16;120_VArRtg_SF;120_VArRtgQ4;;1.000000;0.000000;var;1
66;3;40133;I16;;120_VArRtg_SF;;1.000000;0.000000;;1
67;3;40134;U16;120_ARtg_SF;120_ARtg;;1.000000;0.000000;A;1
68;3;40135;I16;;120_ARtg_SF;;1.000000;0.000000;;1
69;3;40136;I16;120_PFRtg_SF;120_PFRtgQ1;;1.000000;0.000000;cos();1
70;3;40137;I16;120_PFRtg_SF;120_PFRtgQ2;;1.000000;0.000000;cos();1
71;3;40138;I16;120_PFRtg_SF;120_PFRtgQ3;;1.000000;0.000000;cos();1
72;3;40139;I16;120_PFRtg_SF;120_PFRtgQ4;;1.000000;0.000000;cos();1
73;3;40140;I16;;120_PFRtg_SF;;1.000000;0.000000;;1
74;3;40141;U16;120_WHRtg_SF;120_WHRtg;;1.000000;0.000000;Wh;1
75;3;40142;I16;;120_WHRtg_SF;;1.000000;0.000000;;1
76;3;40143;U16;120_AhrRtg_SF;120_AhrRtg;;1.000000;0.000000;AH;1
77;3;40144;I16;;120_AhrRtg_SF;;1.000000;0.000000;;1
78;3;40145;U16;120_MaxChaRte_SF;120_MaxChaRte;;1.000000;0.000000;W;1
79;3;40146;I16;;120_MaxChaRte_SF;;1.000000;0.000000;;1
80;3;40147;U16;120_MaxDisChaRte_SF;120_MaxDisChaRte;;1.000000;0.000000;W;1
81;3;40148;I16;;120_MaxDisChaRte_SF;;1.000000;0.000000;;1
83;3;40150;I16;;121_tableId;;1.000000;0.000000;;1
84;3;40151;I16;;121_tableSize;;1.000000;0.000000;;1
85;3;40152;U16;121_WMax_SF;121_WMax;;1.000000;0.000000;W;1
86;3;40153;U16;121_VRef_SF;121_VRef;;1.000000;0.000000;V;1
87;3;40154;I16;121_VRefOfs_SF;121_VRefOfs;;1.000000;0.000000;V;1
88;3;40155;U16;121_VMinMax_SF;121_VMax;;1.000000;0.000000;V;1
89;3;40156;U16;121_VMinMax_SF;121_VMin;;1.000000;0.000000;V;1
90;3;40157;U16;121_VAMax_SF;121_VAMax;;1.000000;0.000000;VA;1
91;3;40158;I16;121_VArMax_SF;121_VArMaxQ1;;1.000000;0.000000;var;1
92;3;40159;I16;121_VArMax_SF;121_VArMaxQ2;;1.000000;0.000000;var;1
93;3;40160;I16;121_VArMax_SF;121_VArMaxQ3;;1.000000;0.000000;var;1
94;3;40161;I16;121_VArMax_SF;121_VArMaxQ4;;1.000000;0.000000;var;1
95;3;40162;U16;121_WGra_SF;121_WGra;;1.000000;0.000000;% WMax/sec;1
96;3;40163;I16;121_PFMin_SF;121_PFMinQ1;;1.000000;0.000000;cos();1
97;3;40164;I16;121_PFMin_SF;121_PFMinQ2;;1.000000;0.000000;cos();1
98;3;40165;I16;121_PFMin_SF;121_PFMinQ3;;1.000000;0.000000;cos();1
99;3;40166;I16;121_PFMin_SF;121_PFMinQ4;;1.000000;0.000000;cos();1
100;3;40167;U16;;121_VArAct;;1.000000;0.000000;;1
101;3;40168;U16;;121_ClcTotVA;;1.000000;0.000000;;1
102;3;40169;U16;121_MaxRmpRte_SF;121_MaxRmpRte;;1.000000;0.000000;% WGra;1
103;3;40170;U16;121_ECPNomHz_SF;121_ECPNomHz;;1.000000;0.000000;Hz;1
104;3;40171;U16;;121_ConnPh;;1.000000;0.000000;;1
105;3;40172;I16;;121_WMax_SF;;1.000000;0.000000;;1
106;3;40173;I16;;121_VRef_SF;;1.000000;0.000000;;1
107;3;40174;I16;;121_VRefOfs_SF;;1.000000;0.000000;;1
108;3;40175;I16;;121_VMinMax_SF;;1.000000;0.000000;;1
109;3;40176;I16;;121_VAMax_SF;;1.000000;0.000000;;1
110;3;40177;I16;;121_VArMax_SF;;1.000000;0.000000;;1
111;3;40178;I16;;121_WGra_SF;;1.000000;0.000000;;1
112;3;40179;I16;;121_PFMin_SF;;1.000000;0.000000;;1
113;3;40180;I16;;121_MaxRmpRte_SF;;1.000000;0.000000;;1
114;3;40181;I16;;121_ECPNomHz_SF;;1.000000;0.000000;;1
115;3;40182;I16;;122_tableId;;1.000000;0.000000;;1
116;3;40183;I16;;122_tableSize;;1.000000;0.000000;;1
117;3;40184;U16;;122_PVConn;;1.000000;0.000000;;1
118;3;40185;U16;;122_StorConn;;1.000000;0.000000;;1
119;3;40186;U16;;122_ECPConn;;1.000000;0.000000;;1
120;3;40187;U64;;122_ActWh;;1.000000;0.000000;Wh;1
121;3;40191;U64;;122_ActVAh;;1.000000;0.000000;VAh;1
122;3;40195;U64;;122_ActVArhQ1;;1.000000;0.000000;varh;1
123;3;40199;U64;;122_ActVArhQ2;;1.000000;0.000000;varh;1
124;3;40203;U64;;122_ActVArhQ3;;1.000000;0.000000;varh;1
125;3;40207;U64;;122_ActVArhQ4;;1.000000;0.000000;varh;1
126;3;40211;I16;122_VArAval_SF;122_VArAval;;1.000000;0.000000;var;1
127;3;40212;I16;;122_VArAval_SF;;1.000000;0.000000;;1
128;3;40213;U16;122_WAval_SF;122_WAval;;1.000000;0.000000;var;1
129;3;40214;I16;;122_WAval_SF;;1.000000;0.000000;;1
130;3;40215;U32;;122_StSetLimMsk;;1.000000;0.000000;;1
131;3;40217;U32;;122_StActCtl;;1.000000;0.000000;;1
132;3;40219_8;STRING;;122_TmSrc;;1.000000;0.000000;;1
133;3;40223;U32;;122_Tms;;1.000000;0.000000;Secs;1
134;3;40225;U16;;122_RtSt;;1.000000;0.000000;;1
135;3;40226;U16;122_Ris_SF;122_Ris;;1.000000;0.000000;ohms;1
136;3;40227;I16;;122_Ris_SF;;1.000000;0.000000;;1
137;3;40228;I16;;123_tableId;;1.000000;0.000000;;1
138;3;40229;I16;;123_tableSize;;1.000000;0.000000;;1
139;3;40230;U16;;123_Conn_WinTms;;1.000000;0.000000;Secs;4
140;3;40231;U16;;123_Conn_RvrtTms;;1.000000;0.000000;Secs;4
141;3;40232;U16;;123_Conn;;1.000000;0.000000;;4
142;3;40233;U16;123_WMaxLimPct_SF;123_WMaxLimPct;cmdPwrPercent;1.000000;0.000000;% WMax;4
143;3;40234;U16;;123_WMaxLimPct_WinTms;;1.000000;0.000000;Secs;4
144;3;40235;U16;;123_WMaxLimPct_RvrtTms;;1.000000;0.000000;Secs;4
145;3;40236;U16;;123_WMaxLimPct_RmpTms;WMaxLimPct_RmpTms;1.000000;0.000000;Secs;4
146;3;40237;U16;;123_WMaxLim_Ena;WMaxLim_Ena;1.000000;0.000000;;4
147;3;40238;I16;123_OutPFSet_SF;123_OutPFSet;;1.000000;0.000000;cos();4
148;3;40239;U16;;123_OutPFSet_WinTms;;1.000000;0.000000;Secs;4
149;3;40240;U16;;123_OutPFSet_RvrtTms;;1.000000;0.000000;Secs;4
150;3;40241;U16;;123_OutPFSet_RmpTms;;1.000000;0.000000;Secs;4
151;3;40242;U16;;123_OutPFSet_Ena;;1.000000;0.000000;;4
152;3;40243;I16;123_VArPct_SF;123_VArWMaxPct;;1.000000;0.000000;% WMax;4
153;3;40244;I16;123_VArPct_SF;123_VArMaxPct;;1.000000;0.000000;% VArMax;4
154;3;40245;I16;123_VArPct_SF;123_VArAvalPct;;1.000000;0.000000;% VArAval;4
155;3;40246;U16;;123_VArPct_WinTms;;1.000000;0.000000;Secs;4
156;3;40247;U16;;123_VArPct_RvrtTms;;1.000000;0.000000;Secs;4
157;3;40248;U16;;123_VArPct_RmpTms;;1.000000;0.000000;Secs;4
158;3;40249;U16;;123_VArPct_Mod;;1.000000;0.000000;;4
159;3;40250;U16;;123_VArPct_Ena;;1.000000;0.000000;;4
160;3;40251;I16;;123_WMaxLimPct_SF;;1.000000;0.000000;;4
161;3;40252;I16;;123_OutPFSet_SF;;1.000000;0.000000;;4
162;3;40253;I16;;123_VArPct_SF;;1.000000;0.000000;;4
163;3;40254;I16;;126_tableId;;1.000000;0.000000;;1
164;3;40255;I16;;126_tableSize;;1.000000;0.000000;;1
165;3;40256;U16;;126_ActCrv;;1.000000;0.000000;;1
166;3;40257;U16;;126_ModEna;;1.000000;0.000000;;1
167;3;40258;U16;;126_WinTms;;1.000000;0.000000;Secs;1
168;3;40259;U16;;126_RvrtTms;;1.000000;0.000000;Secs;1
169;3;40260;U16;;126_RmpTms;;1.000000;0.000000;Secs;1
170;3;40261;U16;;126_NCrv;;1.000000;0.000000;;1
171;3;40262;U16;;126_NPt;;1.000000;0.000000;;1
172;3;40263;I16;;126_V_SF;;1.000000;0.000000;;1
173;3;40264;I16;;126_DeptRef_SF;;1.000000;0.000000;;1
174;3;40265;I16;;126_RmpIncDec_SF;;1.000000;0.000000;;1
175;3;40266;U16;;126_0_ActPt;;1.000000;0.000000;;1
176;3;40267;U16;;126_0_DeptRef;;1.000000;0.000000;;1
177;3;40268;U16;126_V_SF;126_0_V1;;1.000000;0.000000;% VRef;1
178;3;40269;I16;126_DeptRef_SF;126_0_VAr1;;1.000000;0.000000;;1
179;3;40270;U16;126_V_SF;126_0_V2;;1.000000;0.000000;% VRef;1
180;3;40271;I16;126_DeptRef_SF;126_0_VAr2;;1.000000;0.000000;;1
181;3;40272;U16;126_V_SF;126_0_V3;;1.000000;0.000000;% VRef;1
182;3;40273;I16;126_DeptRef_SF;126_0_VAr3;;1.000000;0.000000;;1
183;3;40274;U16;126_V_SF;126_0_V4;;1.000000;0.000000;% VRef;1
184;3;40275;I16;126_DeptRef_SF;126_0_VAr4;;1.000000;0.000000;;1
185;3;40276;U16;126_V_SF;126_0_V5;;1.000000;0.000000;% VRef;1
186;3;40277;I16;126_DeptRef_SF;126_0_VAr5;;1.000000;0.000000;;1
187;3;40278;U16;126_V_SF;126_0_V6;;1.000000;0.000000;% VRef;1
188;3;40279;I16;126_DeptRef_SF;126_0_VAr6;;1.000000;0.000000;;1
189;3;40280;U16;126_V_SF;126_0_V7;;1.000000;0.000000;% VRef;1
190;3;40281;I16;126_DeptRef_SF;126_0_VAr7;;1.000000;0.000000;;1
191;3;40282;U16;126_V_SF;126_0_V8;;1.000000;0.000000;% VRef;1
192;3;40283;I16;126_DeptRef_SF;126_0_VAr8;;1.000000;0.000000;;1
193;3;40284;U16;126_V_SF;126_0_V9;;1.000000;0.000000;% VRef;1
194;3;40285;I16;126_DeptRef_SF;126_0_VAr9;;1.000000;0.000000;;1
195;3;40286;U16;126_V_SF;126_0_V10;;1.000000;0.000000;% VRef;1
196;3;40287;I16;126_DeptRef_SF;126_0_VAr10;;1.000000;0.000000;;1
197;3;40288;U16;126_V_SF;126_0_V11;;1.000000;0.000000;% VRef;1
198;3;40289;I16;126_DeptRef_SF;126_0_VAr11;;1.000000;0.000000;;1
199;3;40290;U16;126_V_SF;126_0_V12;;1.000000;0.000000;% VRef;1
200;3;40291;I16;126_DeptRef_SF;126_0_VAr12;;1.000000;0.000000;;1
201;3;40292;U16;126_V_SF;126_0_V13;;1.000000;0.000000;% VRef;1
202;3;40293;I16;126_DeptRef_SF;126_0_VAr13;;1.000000;0.000000;;1
203;3;40294;U16;126_V_SF;126_0_V14;;1.000000;0.000000;% VRef;1
204;3;40295;I16;126_DeptRef_SF;126_0_VAr14;;1.000000;0.000000;;1
205;3;40296;U16;126_V_SF;126_0_V15;;1.000000;0.000000;% VRef;1
206;3;40297;I16;126_DeptRef_SF;126_0_VAr15;;1.000000;0.000000;;1
207;3;40298;U16;126_V_SF;126_0_V16;;1.000000;0.000000;% VRef;1
208;3;40299;I16;126_DeptRef_SF;126_0_VAr16;;1.000000;0.000000;;1
209;3;40300;U16;126_V_SF;126_0_V17;;1.000000;0.000000;% VRef;1
210;3;40301;I16;126_DeptRef_SF;126_0_VAr17;;1.000000;0.000000;;1
211;3;40302;U16;126_V_SF;126_0_V18;;1.000000;0.000000;% VRef;1
212;3;40303;I16;126_DeptRef_SF;126_0_VAr18;;1.000000;0.000000;;1
213;3;40304;U16;126_V_SF;126_0_V19;;1.000000;0.000000;% VRef;1
214;3;40305;I16;126_DeptRef_SF;126_0_VAr19;;1.000000;0.000000;;1
215;3;40306;U16;126_V_SF;126_0_V20;;1.000000;0.000000;% VRef;1
216;3;40307;I16;126_DeptRef_SF;126_0_VAr20;;1.000000;0.000000;;1
217;3;40308_16;STRING;;126_0_CrvNam;;1.000000;0.000000;;1
218;3;40316;U16;;126_0_RmpTms;;1.000000;0.000000;Secs;1
219;3;40317;U16;126_RmpIncDec_SF;126_0_RmpDecTmm;;1.000000;0.000000;% ref_value/min;1
220;3;40318;U16;126_RmpIncDec_SF;126_0_RmpIncTmm;;1.000000;0.000000;% ref_value/min;1
221;3;40319;U16;;126_0_ReadOnly;;1.000000;0.000000;;1
222;3;40320;I16;;127_tableId;;1.000000;0.000000;;1
223;3;40321;I16;;127_tableSize;;1.000000;0.000000;;1
224;3;40322;U16;127_WGra_SF;127_WGra;;1.000000;0.000000;% PM/Hz;1
225;3;40323;I16;127_HzStrStop_SF;127_HzStr;;1.000000;0.000000;Hz;1
226;3;40324;I16;127_HzStrStop_SF;127_HzStop;;1.000000;0.000000;Hz;1
227;3;40325;U16;;127_HysEna;;1.000000;0.000000;;1
228;3;40326;U16;;127_ModEna;;1.000000;0.000000;;1
229;3;40327;U16;127_RmpIncDec_SF;127_HzStopWGra;;1.000000;0.000000;% WMax/min;1
230;3;40328;I16;;127_WGra_SF;;1.000000;0.000000;;1
231;3;40329;I16;;127_HzStrStop_SF;;1.000000;0.000000;;1
232;3;40330;I16;;127_RmpIncDec_SF;;1.000000;0.000000;;1
234;3;40332;I16;;128_tableId;;1.000000;0.000000;;1
235;3;40333;I16;;128_tableSize;;1.000000;0.000000;;1
236;3;40334;U16;;128_ArGraMod;;1.000000;0.000000;;1
237;3;40335;U16;128_ArGra_SF;128_ArGraSag;;1.000000;0.000000;%ARtg/%dV;1
238;3;40336;U16;128_ArGra_SF;128_ArGraSwell;;1.000000;0.000000;%ARtg/%dV;1
239;3;40337;U16;;128_ModEna;;1.000000;0.000000;;1
240;3;40338;U16;;128_FilTms;;1.000000;0.000000;Secs;1
241;3;40339;U16;128_VRefPct_SF;128_DbVMin;;1.000000;0.000000;% VRef;1
242;3;40340;U16;128_VRefPct_SF;128_DbVMax;;1.000000;0.000000;% VRef;1
243;3;40341;U16;128_VRefPct_SF;128_BlkZnV;;1.000000;0.000000;% VRef;1
244;3;40342;U16;128_VRefPct_SF;128_HysBlkZnV;;1.000000;0.000000;% VRef;1
245;3;40343;U16;;128_BlkZnTmms;;1.000000;0.000000;mSecs;1
246;3;40344;U16;;128_HoldTmms;;1.000000;0.000000;mSecs;1
247;3;40345;I16;;128_ArGra_SF;;1.000000;0.000000;;1
248;3;40346;I16;;128_VRefPct_SF;;1.000000;0.000000;;1
250;3;40348;I16;;129_tableId;;1.000000;0.000000;;1
251;3;40349;I16;;129_tableSize;;1.000000;0.000000;;1
252;3;40350;U16;;129_ActCrv;;1.000000;0.000000;;1
253;3;40351;U16;;129_ModEna;;1.000000;0.000000;;1
254;3;40352;U16;;129_WinTms;;1.000000;0.000000;Secs;1
255;3;40353;U16;;129_RvrtTms;;1.000000;0.000000;Secs;1
256;3;40354;U16;;129_RmpTms;;1.000000;0.000000;Secs;1
257;3;40355;U16;;129_NCrv;;1.000000;0.000000;;1
258;3;40356;U16;;129_NPt;;1.000000;0.000000;;1
259;3;40357;I16;;129_Tms_SF;;1.000000;0.000000;;1
260;3;40358;I16;;129_V_SF;;1.000000;0.000000;;1
262;3;40360;U16;;129_0_ActPt;;1.000000;0.000000;;1
263;3;40361;U16;129_Tms_SF;129_0_Tms1;;1.000000;0.000000;Secs;1
264;3;40362;U16;129_V_SF;129_0_V1;;1.000000;0.000000;% VRef;1
265;3;40363;U16;129_Tms_SF;129_0_Tms2;;1.000000;0.000000;Secs;1
266;3;40364;U16;129_V_SF;129_0_V2;;1.000000;0.000000;% VRef;1
267;3;40365;U16;129_Tms_SF;129_0_Tms3;;1.000000;0.000000;Secs;1
268;3;40366;U16;129_V_SF;129_0_V3;;1.000000;0.000000;% VRef;1
269;3;40367;U16;129_Tms_SF;129_0_Tms4;;1.000000;0.000000;Secs;1
270;3;40368;U16;129_V_SF;129_0_V4;;1.000000;0.000000;% VRef;1
271;3;40369;U16;129_Tms_SF;129_0_Tms5;;1.000000;0.000000;Secs;1
272;3;40370;U16;129_V_SF;129_0_V5;;1.000000;0.000000;% VRef;1
273;3;40371;U16;129_Tms_SF;129_0_Tms6;;1.000000;0.000000;Secs;1
274;3;40372;U16;129_V_SF;129_0_V6;;1.000000;0.000000;% VRef;1
275;3;40373;U16;129_Tms_SF;129_0_Tms7;;1.000000;0.000000;Secs;1
276;3;40374;U16;129_V_SF;129_0_V7;;1.000000;0.000000;% VRef;1
277;3;40375;U16;129_Tms_SF;129_0_Tms8;;1.000000;0.000000;Secs;1
278;3;40376;U16;129_V_SF;129_0_V8;;1.000000;0.000000;% VRef;1
279;3;40377;U16;129_Tms_SF;129_0_Tms9;;1.000000;0.000000;Secs;1
280;3;40378;U16;129_V_SF;129_0_V9;;1.000000;0.000000;% VRef;1
281;3;40379;U16;129_Tms_SF;129_0_Tms10;;1.000000;0.000000;Secs;1
282;3;40380;U16;129_V_SF;129_0_V10;;1.000000;0.000000;% VRef;1
283;3;40381;U16;129_Tms_SF;129_0_Tms11;;1.000000;0.000000;Secs;1
284;3;40382;U16;129_V_SF;129_0_V11;;1.000000;0.000000;% VRef;1
285;3;40383;U16;129_Tms_SF;129_0_Tms12;;1.000000;0.000000;Secs;1
286;3;40384;U16;129_V_SF;129_0_V12;;1.000000;0.000000;% VRef;1
287;3;40385;U16;129_Tms_SF;129_0_Tms13;;1.000000;0.000000;Secs;1
288;3;40386;U16;129_V_SF;129_0_V13;;1.000000;0.000000;% VRef;1
289;3;40387;U16;129_Tms_SF;129_0_Tms14;;1.000000;0.000000;Secs;1
290;3;40388;U16;129_V_SF;129_0_V14;;1.000000;0.000000;% VRef;1
291;3;40389;U16;129_Tms_SF;129_0_Tms15;;1.000000;0.000000;Secs;1
292;3;40390;U16;129_V_SF;129_0_V15;;1.000000;0.000000;% VRef;1
293;3;40391;U16;129_Tms_SF;129_0_Tms16;;1.000000;0.000000;Secs;1
294;3;40392;U16;129_V_SF;129_0_V16;;1.000000;0.000000;% VRef;1
295;3;40393;U16;129_Tms_SF;129_0_Tms17;;1.000000;0.000000;Secs;1
296;3;40394;U16;129_V_SF;129_0_V17;;1.000000;0.000000;% VRef;1
297;3;40395;U16;129_Tms_SF;129_0_Tms18;;1.000000;0.000000;Secs;1
298;3;40396;U16;129_V_SF;129_0_V18;;1.000000;0.000000;% VRef;1
299;3;40397;U16;129_Tms_SF;129_0_Tms19;;1.000000;0.000000;Secs;1
300;3;40398;U16;129_V_SF;129_0_V19;;1.000000;0.000000;% VRef;1
301;3;40399;U16;129_Tms_SF;129_0_Tms20;;1.000000;0.000000;Secs;1
302;3;40400;U16;129_V_SF;129_0_V20;;1.000000;0.000000;% VRef;1
303;3;40401_16;STRING;;129_0_CrvNam;;1.000000;0.000000;;1
304;3;40409;U16;;129_0_ReadOnly;;1.000000;0.000000;;1
305;3;40410;I16;;130_tableId;;1.000000;0.000000;;1
306;3;40411;I16;;130_tableSize;;1.000000;0.000000;;1
307;3;40412;U16;;130_ActCrv;;1.000000;0.000000;;1
308;3;40413;U16;;130_ModEna;;1.000000;0.000000;;1
309;3;40414;U16;;130_WinTms;;1.000000;0.000000;Secs;1
310;3;40415;U16;;130_RvrtTms;;1.000000;0.000000;Secs;1
311;3;40416;U16;;130_RmpTms;;1.000000;0.000000;Secs;1
312;3;40417;U16;;130_NCrv;;1.000000;0.000000;;1
313;3;40418;U16;;130_NPt;;1.000000;0.000000;;1
314;3;40419;I16;;130_Tms_SF;;1.000000;0.000000;;1
315;3;40420;I16;;130_V_SF;;1.000000;0.000000;;1
317;3;40422;U16;;130_0_ActPt;;1.000000;0.000000;;1
318;3;40423;U16;130_Tms_SF;130_0_Tms1;;1.000000;0.000000;Secs;1
319;3;40424;U16;130_V_SF;130_0_V1;;1.000000;0.000000;% VRef;1
320;3;40425;U16;130_Tms_SF;130_0_Tms2;;1.000000;0.000000;Secs;1
321;3;40426;U16;130_V_SF;130_0_V2;;1.000000;0.000000;% VRef;1
322;3;40427;U16;130_Tms_SF;130_0_Tms3;;1.000000;0.000000;Secs;1
323;3;40428;U16;130_V_SF;130_0_V3;;1.000000;0.000000;% VRef;1
324;3;40429;U16;130_Tms_SF;130_0_Tms4;;1.000000;0.000000;Secs;1
325;3;40430;U16;130_V_SF;130_0_V4;;1.000000;0.000000;% VRef;1
326;3;40431;U16;130_Tms_SF;130_0_Tms5;;1.000000;0.000000;Secs;1
327;3;40432;U16;130_V_SF;130_0_V5;;1.000000;0.000000;% VRef;1
328;3;40433;U16;130_Tms_SF;130_0_Tms6;;1.000000;0.000000;Secs;1
329;3;40434;U16;130_V_SF;130_0_V6;;1.000000;0.000000;% VRef;1
330;3;40435;U16;130_Tms_SF;130_0_Tms7;;1.000000;0.000000;Secs;1
331;3;40436;U16;130_V_SF;130_0_V7;;1.000000;0.000000;% VRef;1
332;3;40437;U16;130_Tms_SF;130_0_Tms8;;1.000000;0.000000;Secs;1
333;3;40438;U16;130_V_SF;130_0_V8;;1.000000;0.000000;% VRef;1
334;3;40439;U16;130_Tms_SF;130_0_Tms9;;1.000000;0.000000;Secs;1
335;3;40440;U16;130_V_SF;130_0_V9;;1.000000;0.000000;% VRef;1
336;3;40441;U16;130_Tms_SF;130_0_Tms10;;1.000000;0.000000;Secs;1
337;3;40442;U16;130_V_SF;130_0_V10;;1.000000;0.000000;% VRef;1
338;3;40443;U16;130_Tms_SF;130_0_Tms11;;1.000000;0.000000;Secs;1
339;3;40444;U16;130_V_SF;130_0_V11;;1.000000;0.000000;% VRef;1
340;3;40445;U16;130_Tms_SF;130_0_Tms12;;1.000000;0.000000;Secs;1
341;3;40446;U16;130_V_SF;130_0_V12;;1.000000;0.000000;% VRef;1
342;3;40447;U16;130_Tms_SF;130_0_Tms13;;1.000000;0.000000;Secs;1
343;3;40448;U16;130_V_SF;130_0_V13;;1.000000;0.000000;% VRef;1
344;3;40449;U16;130_Tms_SF;130_0_Tms14;;1.000000;0.000000;Secs;1
345;3;40450;U16;130_V_SF;130_0_V14;;1.000000;0.000000;% VRef;1
346;3;40451;U16;130_Tms_SF;130_0_Tms15;;1.000000;0.000000;Secs;1
347;3;40452;U16;130_V_SF;130_0_V15;;1.000000;0.000000;% VRef;1
348;3;40453;U16;130_Tms_SF;130_0_Tms16;;1.000000;0.000000;Secs;1
349;3;40454;U16;130_V_SF;130_0_V16;;1.000000;0.000000;% VRef;1
350;3;40455;U16;130_Tms_SF;130_0_Tms17;;1.000000;0.000000;Secs;1
351;3;40456;U16;130_V_SF;130_0_V17;;1.000000;0.000000;% VRef;1
352;3;40457;U16;130_Tms_SF;130_0_Tms18;;1.000000;0.000000;Secs;1
353;3;40458;U16;130_V_SF;130_0_V18;;1.000000;0.000000;% VRef;1
354;3;40459;U16;130_Tms_SF;130_0_Tms19;;1.000000;0.000000;Secs;1
355;3;40460;U16;130_V_SF;130_0_V19;;1.000000;0.000000;% VRef;1
356;3;40461;U16;130_Tms_SF;130_0_Tms20;;1.000000;0.000000;Secs;1
357;3;40462;U16;130_V_SF;130_0_V20;;1.000000;0.000000;% VRef;1
358;3;40463_16;STRING;;130_0_CrvNam;;1.000000;0.000000;;1
359;3;40471;U16;;130_0_ReadOnly;;1.000000;0.000000;;1
360;3;40472;I16;;131_tableId;;1.000000;0.000000;;1
361;3;40473;I16;;131_tableSize;;1.000000;0.000000;;1
362;3;40474;U16;;131_ActCrv;;1.000000;0.000000;;1
363;3;40475;U16;;131_ModEna;;1.000000;0.000000;;1
364;3;40476;U16;;131_WinTms;;1.000000;0.000000;Secs;1
365;3;40477;U16;;131_RvrtTms;;1.000000;0.000000;Secs;1
366;3;40478;U16;;131_RmpTms;;1.000000;0.000000;Secs;1
367;3;40479;U16;;131_NCrv;;1.000000;0.000000;;1
368;3;40480;U16;;131_NPt;;1.000000;0.000000;;1
369;3;40481;I16;;131_W_SF;;1.000000;0.000000;;1
370;3;40482;I16;;131_PF_SF;;1.000000;0.000000;;1
371;3;40483;I16;;131_RmpIncDec_SF;;1.000000;0.000000;;1
372;3;40484;U16;;131_0_ActPt;;1.000000;0.000000;;1
373;3;40485;I16;131_W_SF;131_0_W1;;1.000000;0.000000;% WMax;1
374;3;40486;I16;131_PF_SF;131_0_PF1;;1.000000;0.000000;cos();1
375;3;40487;I16;131_W_SF;131_0_W2;;1.000000;0.000000;% WMax;1
376;3;40488;I16;131_PF_SF;131_0_PF2;;1.000000;0.000000;cos();1
377;3;40489;I16;131_W_SF;131_0_W3;;1.000000;0.000000;% WMax;1
378;3;40490;I16;131_PF_SF;131_0_PF3;;1.000000;0.000000;cos();1
379;3;40491;I16;131_W_SF;131_0_W4;;1.000000;0.000000;% WMax;1
380;3;40492;I16;131_PF_SF;131_0_PF4;;1.000000;0.000000;cos();1
381;3;40493;I16;131_W_SF;131_0_W5;;1.000000;0.000000;% WMax;1
382;3;40494;I16;131_PF_SF;131_0_PF5;;1.000000;0.000000;cos();1
383;3;40495;I16;131_W_SF;131_0_W6;;1.000000;0.000000;% WMax;1
384;3;40496;I16;131_PF_SF;131_0_PF6;;1.000000;0.000000;cos();1
385;3;40497;I16;131_W_SF;131_0_W7;;1.000000;0.000000;% WMax;1
386;3;40498;I16;131_PF_SF;131_0_PF7;;1.000000;0.000000;cos();1
387;3;40499;I16;131_W_SF;131_0_W8;;1.000000;0.000000;% WMax;1
388;3;40500;I16;131_PF_SF;131_0_PF8;;1.000000;0.000000;cos();1
389;3;40501;I16;131_W_SF;131_0_W9;;1.000000;0.000000;% WMax;1
390;3;40502;I16;131_PF_SF;131_0_PF9;;1.000000;0.000000;cos();1
391;3;40503;I16;131_W_SF;131_0_W10;;1.000000;0.000000;% WMax;1
392;3;40504;I16;131_PF_SF;131_0_PF10;;1.000000;0.000000;cos();1
393;3;40505;I16;131_W_SF;131_0_W11;;1.000000;0.000000;% WMax;1
394;3;40506;I16;131_PF_SF;131_0_PF11;;1.000000;0.000000;cos();1
395;3;40507;I16;131_W_SF;131_0_W12;;1.000000;0.000000;% WMax;1
396;3;40508;I16;131_PF_SF;131_0_PF12;;1.000000;0.000000;cos();1
397;3;40509;I16;131_W_SF;131_0_W13;;1.000000;0.000000;% WMax;1
398;3;40510;I16;131_PF_SF;131_0_PF13;;1.000000;0.000000;cos();1
399;3;40511;I16;131_W_SF;131_0_W14;;1.000000;0.000000;% WMax;1
400;3;40512;I16;131_PF_SF;131_0_PF14;;1.000000;0.000000;cos();1
401;3;40513;I16;131_W_SF;131_0_W15;;1.000000;0.000000;% WMax;1
402;3;40514;I16;131_PF_SF;131_0_PF15;;1.000000;0.000000;cos();1
403;3;40515;I16;131_W_SF;131_0_W16;;1.000000;0.000000;% WMax;1
404;3;40516;I16;131_PF_SF;131_0_PF16;;1.000000;0.000000;cos();1
405;3;40517;I16;131_W_SF;131_0_W17;;1.000000;0.000000;% WMax;1
406;3;40518;I16;131_PF_SF;131_0_PF17;;1.000000;0.000000;cos();1
407;3;40519;I16;131_W_SF;131_0_W18;;1.000000;0.000000;% WMax;1
408;3;40520;I16;131_PF_SF;131_0_PF18;;1.000000;0.000000;cos();1
409;3;40521;I16;131_W_SF;131_0_W19;;1.000000;0.000000;% WMax;1
410;3;40522;I16;131_PF_SF;131_0_PF19;;1.000000;0.000000;cos();1
411;3;40523;I16;131_W_SF;131_0_W20;;1.000000;0.000000;% WMax;1
412;3;40524;I16;131_PF_SF;131_0_PF20;;1.000000;0.000000;cos();1
413;3;40525_16;STRING;;131_0_CrvNam;;1.000000;0.000000;;1
414;3;40533;U16;;131_0_RmpPT1Tms;;1.000000;0.000000;Secs;1
415;3;40534;U16;131_RmpIncDec_SF;131_0_RmpDecTmm;;1.000000;0.000000;% PF/min;1
416;3;40535;U16;131_RmpIncDec_SF;131_0_RmpIncTmm;;1.000000;0.000000;% PF/min;1
417;3;40536;U16;;131_0_ReadOnly;;1.000000;0.000000;;1
419;3;40538;I16;;132_tableId;;1.000000;0.000000;;1
420;3;40539;I16;;132_tableSize;;1.000000;0.000000;;1
421;3;40540;U16;;132_ActCrv;;1.000000;0.000000;;1
422;3;40541;U16;;132_ModEna;;1.000000;0.000000;;1
423;3;40542;U16;;132_WinTms;;1.000000;0.000000;Secs;1
424;3;40543;U16;;132_RvrtTms;;1.000000;0.000000;Secs;1
425;3;40544;U16;;132_RmpTms;;1.000000;0.000000;Secs;1
426;3;40545;U16;;132_NCrv;;1.000000;0.000000;;1
427;3;40546;U16;;132_NPt;;1.000000;0.000000;;1
428;3;40547;I16;;132_V_SF;;1.000000;0.000000;;1
429;3;40548;I16;;132_DeptRef_SF;;1.000000;0.000000;;1
430;3;40549;I16;;132_RmpIncDec_SF;;1.000000;0.000000;;1
431;3;40550;U16;;132_0_ActPt;;1.000000;0.000000;;1
432;3;40551;U16;;132_0_DeptRef;;1.000000;0.000000;;1
433;3;40552;U16;132_V_SF;132_0_V1;;1.000000;0.000000;% VRef;1
434;3;40553;I16;132_DeptRef_SF;132_0_W1;;1.000000;0.000000;% VRef;1
435;3;40554;U16;132_V_SF;132_0_V2;;1.000000;0.000000;% VRef;1
436;3;40555;I16;132_DeptRef_SF;132_0_W2;;1.000000;0.000000;% VRef;1
437;3;40556;U16;132_V_SF;132_0_V3;;1.000000;0.000000;% VRef;1
438;3;40557;I16;132_DeptRef_SF;132_0_W3;;1.000000;0.000000;% VRef;1
439;3;40558;U16;132_V_SF;132_0_V4;;1.000000;0.000000;% VRef;1
440;3;40559;I16;132_DeptRef_SF;132_0_W4;;1.000000;0.000000;% VRef;1
441;3;40560;U16;132_V_SF;132_0_V5;;1.000000;0.000000;% VRef;1
442;3;40561;I16;132_DeptRef_SF;132_0_W5;;1.000000;0.000000;% VRef;1
443;3;40562;U16;132_V_SF;132_0_V6;;1.000000;0.000000;% VRef;1
444;3;40563;I16;132_DeptRef_SF;132_0_W6;;1.000000;0.000000;% VRef;1
445;3;40564;U16;132_V_SF;132_0_V7;;1.000000;0.000000;% VRef;1
446;3;40565;I16;132_DeptRef_SF;132_0_W7;;1.000000;0.000000;% VRef;1
447;3;40566;U16;132_V_SF;132_0_V8;;1.000000;0.000000;% VRef;1
448;3;40567;I16;132_DeptRef_SF;132_0_W8;;1.000000;0.000000;% VRef;1
449;3;40568;U16;132_V_SF;132_0_V9;;1.000000;0.000000;% VRef;1
450;3;40569;I16;132_DeptRef_SF;132_0_W9;;1.000000;0.000000;% VRef;1
451;3;40570;U16;132_V_SF;132_0_V10;;1.000000;0.000000;% VRef;1
452;3;40571;I16;132_DeptRef_SF;132_0_W10;;1.000000;0.000000;% VRef;1
453;3;40572;U16;132_V_SF;132_0_V11;;1.000000;0.000000;% VRef;1
454;3;40573;I16;132_DeptRef_SF;132_0_W11;;1.000000;0.000000;% VRef;1
455;3;40574;U16;132_V_SF;132_0_V12;;1.000000;0.000000;% VRef;1
456;3;40575;I16;132_DeptRef_SF;132_0_W12;;1.000000;0.000000;% VRef;1
457;3;40576;U16;132_V_SF;132_0_V13;;1.000000;0.000000;% VRef;1
458;3;40577;I16;132_DeptRef_SF;132_0_W13;;1.000000;0.000000;% VRef;1
459;3;40578;U16;132_V_SF;132_0_V14;;1.000000;0.000000;% VRef;1
460;3;40579;I16;132_DeptRef_SF;132_0_W14;;1.000000;0.000000;% VRef;1
461;3;40580;U16;132_V_SF;132_0_V15;;1.000000;0.000000;% VRef;1
462;3;40581;I16;132_DeptRef_SF;132_0_W15;;1.000000;0.000000;% VRef;1
463;3;40582;U16;132_V_SF;132_0_V16;;1.000000;0.000000;% VRef;1
464;3;40583;I16;132_DeptRef_SF;132_0_W16;;1.000000;0.000000;% VRef;1
465;3;40584;U16;132_V_SF;132_0_V17;;1.000000;0.000000;% VRef;1
466;3;40585;I16;132_DeptRef_SF;132_0_W17;;1.000000;0.000000;% VRef;1
467;3;40586;U16;132_V_SF;132_0_V18;;1.000000;0.000000;% VRef;1
468;3;40587;I16;132_DeptRef_SF;132_0_W18;;1.000000;0.000000;% VRef;1
469;3;40588;U16;132_V_SF;132_0_V19;;1.000000;0.000000;% VRef;1
470;3;40589;I16;132_DeptRef_SF;132_0_W19;;1.000000;0.000000;% VRef;1
471;3;40590;U16;132_V_SF;132_0_V20;;1.000000;0.000000;% VRef;1
472;3;40591;I16;132_DeptRef_SF;132_0_W20;;1.000000;0.000000;% VRef;1
473;3;40592_16;STRING;;132_0_CrvNam;;1.000000;0.000000;;1
474;3;40600;U16;;132_0_RmpPt1Tms;;1.000000;0.000000;Secs;1
475;3;40601;U16;132_RmpIncDec_SF;132_0_RmpDecTmm;;1.000000;0.000000;% WMax/min;1
476;3;40602;U16;132_RmpIncDec_SF;132_0_RmpIncTmm;;1.000000;0.000000;% WMax/min;1
477;3;40603;U16;;132_0_ReadOnly;;1.000000;0.000000;;1
478;3;40604;I16;;135_tableId;;1.000000;0.000000;;1
479;3;40605;I16;;135_tableSize;;1.000000;0.000000;;1
480;3;40606;U16;;135_ActCrv;;1.000000;0.000000;;1
481;3;40607;U16;;135_ModEna;;1.000000;0.000000;;1
482;3;40608;U16;;135_WinTms;;1.000000;0.000000;Secs;1
483;3;40609;U16;;135_RvrtTms;;1.000000;0.000000;Secs;1
484;3;40610;U16;;135_RmpTms;;1.000000;0.000000;Secs;1
485;3;40611;U16;;135_NCrv;;1.000000;0.000000;;1
486;3;40612;U16;;135_NPt;;1.000000;0.000000;;1
487;3;40613;I16;;135_Tms_SF;;1.000000;0.000000;;1
488;3;40614;I16;;135_Hz_SF;;1.000000;0.000000;;1
490;3;40616;U16;;135_0_ActPt;;1.000000;0.000000;;1
491;3;40617;U16;135_Tms_SF;135_0_Tms1;;1.000000;0.000000;Secs;1
492;3;40618;U16;135_Hz_SF;135_0_Hz1;;1.000000;0.000000;Hz;1
493;3;40619;U16;135_Tms_SF;135_0_Tms2;;1.000000;0.000000;Secs;1
494;3;40620;U16;135_Hz_SF;135_0_Hz2;;1.000000;0.000000;Hz;1
495;3;40621;U16;135_Tms_SF;135_0_Tms3;;1.000000;0.000000;Secs;1
496;3;40622;U16;135_Hz_SF;135_0_Hz3;;1.000000;0.000000;Hz;1
497;3;40623;U16;135_Tms_SF;135_0_Tms4;;1.000000;0.000000;Secs;1
498;3;40624;U16;135_Hz_SF;135_0_Hz4;;1.000000;0.000000;Hz;1
499;3;40625;U16;135_Tms_SF;135_0_Tms5;;1.000000;0.000000;Secs;1
500;3;40626;U16;135_Hz_SF;135_0_Hz5;;1.000000;0.000000;Hz;1
501;3;40627;U16;135_Tms_SF;135_0_Tms6;;1.000000;0.000000;Secs;1
502;3;40628;U16;135_Hz_SF;135_0_Hz6;;1.000000;0.000000;Hz;1
503;3;40629;U16;135_Tms_SF;135_0_Tms7;;1.000000;0.000000;Secs;1
504;3;40630;U16;135_Hz_SF;135_0_Hz7;;1.000000;0.000000;Hz;1
505;3;40631;U16;135_Tms_SF;135_0_Tms8;;1.000000;0.000000;Secs;1
506;3;40632;U16;135_Hz_SF;135_0_Hz8;;1.000000;0.000000;Hz;1
507;3;40633;U16;135_Tms_SF;135_0_Tms9;;1.000000;0.000000;Secs;1
508;3;40634;U16;135_Hz_SF;135_0_Hz9;;1.000000;0.000000;Hz;1
509;3;40635;U16;135_Tms_SF;135_0_Tms10;;1.000000;0.000000;Secs;1
510;3;40636;U16;135_Hz_SF;135_0_Hz10;;1.000000;0.000000;Hz;1
511;3;40637;U16;135_Tms_SF;135_0_Tms11;;1.000000;0.000000;Secs;1
512;3;40638;U16;135_Hz_SF;135_0_Hz11;;1.000000;0.000000;Hz;1
513;3;40639;U16;135_Tms_SF;135_0_Tms12;;1.000000;0.000000;Secs;1
514;3;40640;U16;135_Hz_SF;135_0_Hz12;;1.000000;0.000000;Hz;1
515;3;40641;U16;135_Tms_SF;135_0_Tms13;;1.000000;0.000000;Secs;1
516;3;40642;U16;135_Hz_SF;135_0_Hz13;;1.000000;0.000000;Hz;1
517;3;40643;U16;135_Tms_SF;135_0_Tms14;;1.000000;0.000000;Secs;1
518;3;40644;U16;135_Hz_SF;135_0_Hz14;;1.000000;0.000000;Hz;1
519;3;40645;U16;135_Tms_SF;135_0_Tms15;;1.000000;0.000000;Secs;1
520;3;40646;U16;135_Hz_SF;135_0_Hz15;;1.000000;0.000000;Hz;1
521;3;40647;U16;135_Tms_SF;135_0_Tms16;;1.000000;0.000000;Secs;1
522;3;40648;U16;135_Hz_SF;135_0_Hz16;;1.000000;0.000000;Hz;1
523;3;40649;U16;135_Tms_SF;135_0_Tms17;;1.000000;0.000000;Secs;1
524;3;40650;U16;135_Hz_SF;135_0_Hz17;;1.000000;0.000000;Hz;1
525;3;40651;U16;135_Tms_SF;135_0_Tms18;;1.000000;0.000000;Secs;1
526;3;40652;U16;135_Hz_SF;135_0_Hz18;;1.000000;0.000000;Hz;1
527;3;40653;U16;135_Tms_SF;135_0_Tms19;;1.000000;0.000000;Secs;1
528;3;40654;U16;135_Hz_SF;135_0_Hz19;;1.000000;0.000000;Hz;1
529;3;40655;U16;135_Tms_SF;135_0_Tms20;;1.000000;0.000000;Secs;1
530;3;40656;U16;135_Hz_SF;135_0_Hz20;;1.000000;0.000000;Hz;1
531;3;40657_16;STRING;;135_0_CrvNam;;1.000000;0.000000;;1
532;3;40665;U16;;135_0_ReadOnly;;1.000000;0.000000;;1
533;3;40666;I16;;136_tableId;;1.000000;0.000000;;1
534;3;40667;I16;;136_tableSize;;1.000000;0.000000;;1
535;3;40668;U16;;136_ActCrv;;1.000000;0.000000;;1
536;3;40669;U16;;136_ModEna;;1.000000;0.000000;;1
537;3;40670;U16;;136_WinTms;;1.000000;0.000000;Secs;1
538;3;40671;U16;;136_RvrtTms;;1.000000;0.000000;Secs;1
539;3;40672;U16;;136_RmpTms;;1.000000;0.000000;Secs;1
540;3;40673;U16;;136_NCrv;;1.000000;0.000000;;1
541;3;40674;U16;;136_NPt;;1.000000;0.000000;;1
542;3;40675;I16;;136_Tms_SF;;1.000000;0.000000;;1
543;3;40676;I16;;136_Hz_SF;;1.000000;0.000000;;1
545;3;40678;U16;;136_0_ActPt;;1.000000;0.000000;;1
546;3;40679;U16;136_Tms_SF;136_0_Tms1;;1.000000;0.000000;Secs;1
547;3;40680;U16;136_Hz_SF;136_0_Hz1;;1.000000;0.000000;Hz;1
548;3;40681;U16;136_Tms_SF;136_0_Tms2;;1.000000;0.000000;Secs;1
549;3;40682;U16;136_Hz_SF;136_0_Hz2;;1.000000;0.000000;Hz;1
550;3;40683;U16;136_Tms_SF;136_0_Tms3;;1.000000;0.000000;Secs;1
551;3;40684;U16;136_Hz_SF;136_0_Hz3;;1.000000;0.000000;Hz;1
552;3;40685;U16;136_Tms_SF;136_0_Tms4;;1.000000;0.000000;Secs;1
553;3;40686;U16;136_Hz_SF;136_0_Hz4;;1.000000;0.000000;Hz;1
554;3;40687;U16;136_Tms_SF;136_0_Tms5;;1.000000;0.000000;Secs;1
555;3;40688;U16;136_Hz_SF;136_0_Hz5;;1.000000;0.000000;Hz;1
556;3;40689;U16;136_Tms_SF;136_0_Tms6;;1.000000;0.000000;Secs;1
557;3;40690;U16;136_Hz_SF;136_0_Hz6;;1.000000;0.000000;Hz;1
558;3;40691;U16;136_Tms_SF;136_0_Tms7;;1.000000;0.000000;Secs;1
559;3;40692;U16;136_Hz_SF;136_0_Hz7;;1.000000;0.000000;Hz;1
560;3;40693;U16;136_Tms_SF;136_0_Tms8;;1.000000;0.000000;Secs;1
561;3;40694;U16;136_Hz_SF;136_0_Hz8;;1.000000;0.000000;Hz;1
562;3;40695;U16;136_Tms_SF;136_0_Tms9;;1.000000;0.000000;Secs;1
563;3;40696;U16;136_Hz_SF;136_0_Hz9;;1.000000;0.000000;Hz;1
564;3;40697;U16;136_Tms_SF;136_0_Tms10;;1.000000;0.000000;Secs;1
565;3;40698;U16;136_Hz_SF;136_0_Hz10;;1.000000;0.000000;Hz;1
566;3;40699;U16;136_Tms_SF;136_0_Tms11;;1.000000;0.000000;Secs;1
567;3;40700;U16;136_Hz_SF;136_0_Hz11;;1.000000;0.000000;Hz;1
568;3;40701;U16;136_Tms_SF;136_0_Tms12;;1.000000;0.000000;Secs;1
569;3;40702;U16;136_Hz_SF;136_0_Hz12;;1.000000;0.000000;Hz;1
570;3;40703;U16;136_Tms_SF;136_0_Tms13;;1.000000;0.000000;Secs;1
571;3;40704;U16;136_Hz_SF;136_0_Hz13;;1.000000;0.000000;Hz;1
572;3;40705;U16;136_Tms_SF;136_0_Tms14;;1.000000;0.000000;Secs;1
573;3;40706;U16;136_Hz_SF;136_0_Hz14;;1.000000;0.000000;Hz;1
574;3;40707;U16;136_Tms_SF;136_0_Tms15;;1.000000;0.000000;Secs;1
575;3;40708;U16;136_Hz_SF;136_0_Hz15;;1.000000;0.000000;Hz;1
576;3;40709;U16;136_Tms_SF;136_0_Tms16;;1.000000;0.000000;Secs;1
577;3;40710;U16;136_Hz_SF;136_0_Hz16;;1.000000;0.000000;Hz;1
578;3;40711;U16;136_Tms_SF;136_0_Tms17;;1.000000;0.000000;Secs;1
579;3;40712;U16;136_Hz_SF;136_0_Hz17;;1.000000;0.000000;Hz;1
580;3;40713;U16;136_Tms_SF;136_0_Tms18;;1.000000;0.000000;Secs;1
581;3;40714;U16;136_Hz_SF;136_0_Hz18;;1.000000;0.000000;Hz;1
582;3;40715;U16;136_Tms_SF;136_0_Tms19;;1.000000;0.000000;Secs;1
583;3;40716;U16;136_Hz_SF;136_0_Hz19;;1.000000;0.000000;Hz;1
584;3;40717;U16;136_Tms_SF;136_0_Tms20;;1.000000;0.000000;Secs;1
585;3;40718;U16;136_Hz_SF;136_0_Hz20;;1.000000;0.000000;Hz;1
586;3;40719_16;STRING;;136_0_CrvNam;;1.000000;0.000000;;1
587;3;40727;U16;;136_0_ReadOnly;;1.000000;0.000000;;1
588;3;40728;I16;;160_tableId;;1.000000;0.000000;;1
589;3;40729;I16;;160_tableSize;;1.000000;0.000000;;1
590;3;40730;I16;;160_DCA_SF;;1.000000;0.000000;;4
591;3;40731;I16;;160_DCV_SF;;1.000000;0.000000;;4
592;3;40732;I16;;160_DCW_SF;;1.000000;0.000000;;4
593;3;40733;I16;;160_DCWH_SF;;1.000000;0.000000;;4
594;3;40734;U32;;160_Evt;;1.000000;0.000000;;4
595;3;40736;U32;;160_N;;1.000000;0.000000;;4
596;3;40737;U16;;160_TmsPer;;1.000000;0.000000;;4
597;3;40738;U16;;160_0_ID;;1.000000;0.000000;;4
598;3;40739_16;STRING;;160_0_IDStr;;1.000000;0.000000;;4
599;3;40747;U16;160_DCA_SF;160_0_DCA;;1.000000;0.000000;A;4
600;3;40748;U16;160_DCV_SF;160_0_DCV;;1.000000;0.000000;V;4
601;3;40749;U16;160_DCW_SF;160_0_DCW;;1.000000;0.000000;W;4
602;3;40750;U32;160_DCWH_SF;160_0_DCWH;;1.000000;0.000000;Wh;4
603;3;40752;U32;;160_0_Tms;;1.000000;0.000000;Secs;4
604;3;40754;I16;;160_0_Tmp;;1.000000;0.000000;C;4
605;3;40755;U16;;160_0_DCSt;;1.000000;0.000000;;4
606;3;40756;U32;;160_0_DCEvt;;1.000000;0.000000;;4
607;3;40758;U16;;160_1_ID;;1.000000;0.000000;;4
608;3;40759_16;STRING;;160_1_IDStr;;1.000000;0.000000;;4
609;3;40767;U16;160_DCA_SF;160_1_DCA;;1.000000;0.000000;A;4
610;3;40768;U16;160_DCV_SF;160_1_DCV;;1.000000;0.000000;V;4
611;3;40769;U16;160_DCW_SF;160_1_DCW;;1.000000;0.000000;W;4
612;3;40770;U32;160_DCWH_SF;160_1_DCWH;;1.000000;0.000000;Wh;4
613;3;40772;U32;;160_1_Tms;;1.000000;0.000000;Secs;4
614;3;40774;I16;;160_1_Tmp;;1.000000;0.000000;C;4
615;3;40775;U16;;160_1_DCSt;;1.000000;0.000000;;4
616;3;40776;U32;;160_1_DCEvt;;1.000000;0.000000;;4
